Id2,Geography,Id,Population Group,Estimate; SEX AND AGE - Total population,Margin of Error; SEX AND AGE - Total population,Estimate; SEX AND AGE - Total population - Male,Margin of Error; SEX AND AGE - Total population - Male,Estimate; SEX AND AGE - Total population - Female,Margin of Error; SEX AND AGE - Total population - Female,Estimate; SEX AND AGE - Under 5 years,Margin of Error; SEX AND AGE - Under 5 years,Estimate; SEX AND AGE - 5 to 17 years,Margin of Error; SEX AND AGE - 5 to 17 years,Estimate; SEX AND AGE - 18 to 24 years,Margin of Error; SEX AND AGE - 18 to 24 years,Estimate; SEX AND AGE - 25 to 34 years,Margin of Error; SEX AND AGE - 25 to 34 years,Estimate; SEX AND AGE - 35 to 44 years,Margin of Error; SEX AND AGE - 35 to 44 years,Estimate; SEX AND AGE - 45 to 54 years,Margin of Error; SEX AND AGE - 45 to 54 years,Estimate; SEX AND AGE - 55 to 64 years,Margin of Error; SEX AND AGE - 55 to 64 years,Estimate; SEX AND AGE - 65 to 74 years,Margin of Error; SEX AND AGE - 65 to 74 years,Estimate; SEX AND AGE - 75 years and over,Margin of Error; SEX AND AGE - 75 years and over,Estimate; SEX AND AGE - Median age (years),Margin of Error; SEX AND AGE - Median age (years),Estimate; SEX AND AGE - Under 18 years,Margin of Error; SEX AND AGE - Under 18 years,Estimate; SEX AND AGE - Under 18 years - Male,Margin of Error; SEX AND AGE - Under 18 years - Male,Estimate; SEX AND AGE - Under 18 years - Female,Margin of Error; SEX AND AGE - Under 18 years - Female,Estimate; SEX AND AGE - 18 years and over,Margin of Error; SEX AND AGE - 18 years and over,Estimate; SEX AND AGE - 18 years and over - Male,Margin of Error; SEX AND AGE - 18 years and over - Male,Estimate; SEX AND AGE - 18 years and over - Female,Margin of Error; SEX AND AGE - 18 years and over - Female,Estimate; SEX AND AGE - 18 to 34 years,Margin of Error; SEX AND AGE - 18 to 34 years,Estimate; SEX AND AGE - 18 to 34 years - Male,Margin of Error; SEX AND AGE - 18 to 34 years - Male,Estimate; SEX AND AGE - 18 to 34 years - Female,Margin of Error; SEX AND AGE - 18 to 34 years - Female,Estimate; SEX AND AGE - 35 to 64 years,Margin of Error; SEX AND AGE - 35 to 64 years,Estimate; SEX AND AGE - 35 to 64 years - Male,Margin of Error; SEX AND AGE - 35 to 64 years - Male,Estimate; SEX AND AGE - 35 to 64 years - Female,Margin of Error; SEX AND AGE - 35 to 64 years - Female,Estimate; SEX AND AGE - 65 years and over,Margin of Error; SEX AND AGE - 65 years and over,Estimate; SEX AND AGE - 65 years and over - Male,Margin of Error; SEX AND AGE - 65 years and over - Male,Estimate; SEX AND AGE - 65 years and over - Female,Margin of Error; SEX AND AGE - 65 years and over - Female,Estimate; EDUCATIONAL ATTAINMENT - Population 25 years and over,Margin of Error; EDUCATIONAL ATTAINMENT - Population 25 years and over,Estimate; EDUCATIONAL ATTAINMENT - Population 25 years and over - Less than high school diploma,Margin of Error; EDUCATIONAL ATTAINMENT - Population 25 years and over - Less than high school diploma,Estimate; EDUCATIONAL ATTAINMENT - Population 25 years and over - High school graduate (includes equivalency),Margin of Error; EDUCATIONAL ATTAINMENT - Population 25 years and over - High school graduate (includes equivalency),Estimate; EDUCATIONAL ATTAINMENT - Population 25 years and over - Some college or associate's degree,Margin of Error; EDUCATIONAL ATTAINMENT - Population 25 years and over - Some college or associate's degree,Estimate; EDUCATIONAL ATTAINMENT - Population 25 years and over - Bachelor's degree,Margin of Error; EDUCATIONAL ATTAINMENT - Population 25 years and over - Bachelor's degree,Estimate; EDUCATIONAL ATTAINMENT - Population 25 years and over - Graduate or professional degree,Margin of Error; EDUCATIONAL ATTAINMENT - Population 25 years and over - Graduate or professional degree,Estimate; EDUCATIONAL ATTAINMENT - High school graduate or higher,Margin of Error; EDUCATIONAL ATTAINMENT - High school graduate or higher,"Estimate; EDUCATIONAL ATTAINMENT - High school graduate or higher - Male, high school graduate or higher","Margin of Error; EDUCATIONAL ATTAINMENT - High school graduate or higher - Male, high school graduate or higher","Estimate; EDUCATIONAL ATTAINMENT - High school graduate or higher - Female, high school graduate or higher","Margin of Error; EDUCATIONAL ATTAINMENT - High school graduate or higher - Female, high school graduate or higher",Estimate; EDUCATIONAL ATTAINMENT - Bachelor's degree or higher,Margin of Error; EDUCATIONAL ATTAINMENT - Bachelor's degree or higher,"Estimate; EDUCATIONAL ATTAINMENT - Bachelor's degree or higher - Male, bachelor's degree or higher","Margin of Error; EDUCATIONAL ATTAINMENT - Bachelor's degree or higher - Male, bachelor's degree or higher","Estimate; EDUCATIONAL ATTAINMENT - Bachelor's degree or higher - Female, bachelor's degree or higher","Margin of Error; EDUCATIONAL ATTAINMENT - Bachelor's degree or higher - Female, bachelor's degree or higher",Estimate; FERTILITY - Women 15 to 50 years,Margin of Error; FERTILITY - Women 15 to 50 years,Estimate; INCOME IN THE PAST 12 MONTHS (IN 2015 INFLATION-ADJUSTED DOLLARS) - Households,Margin of Error; INCOME IN THE PAST 12 MONTHS (IN 2015 INFLATION-ADJUSTED DOLLARS) - Households,Estimate; INCOME IN THE PAST 12 MONTHS (IN 2015 INFLATION-ADJUSTED DOLLARS) - Households - Median household income (dollars),Margin of Error; INCOME IN THE PAST 12 MONTHS (IN 2015 INFLATION-ADJUSTED DOLLARS) - Households - Median household income (dollars)
1,Alabama,2,White alone,3329913,5703,49,0.1,51,0.1,5.3,0.1,15.4,0.1,8.9,0.1,12.3,0.1,12.3,0.1,13.8,0.1,13.8,0.1,10.6,0.1,7.6,0.1,41.9,0.3,692188,3363,51.2,0.4,48.8,0.4,2637725,3669,48.4,0.1,51.6,0.1,703829,3357,50.2,0.2,49.8,0.2,1328227,3323,49.5,0.1,50.5,0.1,605669,1157,44.1,0.1,55.9,0.1,2342482,3582,13.4,0.4,30.5,0.4,29.4,0.5,17.1,0.4,9.6,0.3,86.6,0.4,86,0.6,87.1,0.5,26.7,0.5,26.6,0.6,26.7,0.6,751930,4032,1302524,8842,51401,639
1,Alabama,4,Black or African American alone,1303298,5731,46.5,0.2,53.5,0.2,6.5,0.2,19.2,0.3,11.6,0.3,13.8,0.3,13.3,0.4,12.5,0.3,12.2,0.1,6.7,0.1,4.2,0.1,34,0.3,335578,3878,50.4,0.9,49.6,0.9,967720,3682,45.1,0.2,54.9,0.2,331189,4139,47.5,0.5,52.5,0.5,494148,4366,45.1,0.4,54.9,0.4,142383,1687,39.7,0.6,60.3,0.6,816758,4654,18.5,0.7,34.3,0.9,31,0.9,10.4,0.6,5.9,0.4,81.5,0.7,78.9,1.2,83.6,0.9,16.3,0.8,13.4,1.2,18.6,1,351192,3600,481633,6722,29854,982
2,Alaska,2,White alone,481314,3176,53.4,0.3,46.6,0.3,6.1,0.1,14.7,0.2,10,0.2,16.3,0.3,12.8,0.2,13.6,0.1,14.8,0.2,8,0.1,3.6,0.1,36.8,0.3,100366,1405,51.9,0.8,48.1,0.8,380948,2226,53.8,0.2,46.2,0.2,126688,1785,56.6,0.5,43.4,0.5,198497,1461,52.7,0.3,47.3,0.3,55763,546,50.9,0.5,49.1,0.5,332742,2055,4.3,0.6,23.9,1.1,36,1.4,21.8,1.2,13.9,1,95.7,0.6,95.6,0.8,95.7,0.8,35.7,1.3,33.7,1.6,38,1.8,109872,1714,186476,2998,81159,2437
2,Alaska,6,"American Indian and Alaska Native alone (300, A01-Z99)",101133,3272,50.5,1.5,49.5,1.5,9.2,0.8,23.2,1,12.3,1,14.4,0.9,11.3,0.9,11.3,1.1,10.5,0.8,5.3,0.6,2.5,0.3,28,0.9,32822,1545,51.1,2.9,48.9,2.9,68311,2253,50.2,1.5,49.8,1.5,27004,1633,53.1,2.5,46.9,2.5,33444,1471,49.3,2.4,50.7,2.4,7863,571,44.3,3.5,55.7,3.5,55872,1668,18.5,1.7,46.1,2.7,28.3,2.3,5.5,1.3,1.6,0.6,81.5,1.7,81.7,2.3,81.3,2.5,7.1,1.5,5.3,1.7,8.9,2.1,24768,1614,26253,1497,45090,3425
4,Arizona,2,White alone,5285994,24068,49.6,0.1,50.4,0.1,5.6,0.1,16,0.1,9.1,0.1,12.7,0.1,12,0.1,12.6,0.1,12.9,0.1,11,0.1,8.1,0.1,40.4,0.2,1143839,10565,51.2,0.3,48.8,0.3,4142155,17324,49.2,0.1,50.8,0.1,1152427,9896,51.5,0.3,48.5,0.3,1982166,8557,49.3,0.1,50.7,0.1,1007562,3203,46.2,0.1,53.8,0.1,3663151,14295,11.8,0.4,24.4,0.4,34.7,0.4,18.3,0.3,10.8,0.2,88.2,0.4,87.7,0.5,88.6,0.4,29.1,0.4,29.7,0.5,28.6,0.5,1162511,9791,2023193,11430,53701,732
4,Arizona,4,Black or African American alone,300685,6487,51.3,0.7,48.7,0.7,6.9,0.7,19.9,0.7,12.4,0.6,17.1,0.6,13.4,0.6,12.6,0.5,9.5,0.3,5.4,0.3,2.8,0.3,31.3,0.6,80813,3862,49.6,1.9,50.4,1.9,219872,3952,51.9,0.7,48.1,0.7,88625,2934,53.9,1.4,46.1,1.4,106604,2396,51.8,1,48.2,1,24643,1000,45.6,1.6,54.4,1.6,182629,3270,11.5,1.4,23.7,1.9,41.9,2,14.7,1.6,8.2,1.1,88.5,1.4,87.8,2,89.3,1.7,22.9,2.1,22.5,2.8,23.5,2.8,78190,2757,105370,4012,39771,2316
4,Arizona,6,"American Indian and Alaska Native alone (300, A01-Z99)",308469,7402,48.6,0.7,51.4,0.7,8.1,0.4,22,0.6,12.2,0.5,15.6,0.7,12.5,0.6,11.9,0.6,9.1,0.5,5.1,0.3,3.4,0.3,29.5,0.5,93083,3703,50,1.4,50,1.4,215386,4710,48,0.8,52,0.8,85876,3374,51.5,1.5,48.5,1.5,103358,3055,46.8,1,53.2,1,26152,1334,40.9,1.9,59.1,1.9,177653,4324,23.3,1.3,34.3,2,32.5,1.8,6.7,1.1,3.3,0.7,76.7,1.3,77.6,1.6,75.9,1.8,9.9,1.3,9.3,1.8,10.5,1.6,81068,2862,82371,3204,33700,2988
4,Arizona,12,Asian alone (400-499),217556,5352,46.3,0.8,53.7,0.8,5.4,0.5,14.8,0.9,10.3,0.6,17,0.8,17.7,0.7,13.7,0.5,10.5,0.5,6.6,0.5,4.1,0.3,36.7,0.7,43828,2939,46.9,2.5,53.1,2.5,173728,3646,46.1,0.8,53.9,0.8,59426,2439,51.7,1.7,48.3,1.7,91055,2003,44.5,1.1,55.5,1.1,23247,1070,38.3,2.6,61.7,2.6,151375,2980,12.3,1.7,13.6,1.8,19.9,1.9,29.1,1.8,25.1,2,87.7,1.7,88,2.1,87.4,1.9,54.2,2.4,59,3,50.3,2.6,63548,2466,67872,2806,70456,4626
4,Arizona,70,Some other race alone,481631,21623,50.3,0.9,49.7,0.9,7.7,0.7,23.5,1.1,13.4,0.8,15.1,0.8,14.3,0.7,12.3,0.7,7.9,0.7,3.8,0.5,1.9,0.3,28.3,0.8,150655,9389,50.3,2,49.7,2,330976,15279,50.2,0.9,49.8,0.9,137441,8592,51.9,2.1,48.1,2.1,166267,7741,49.3,1.1,50.7,1.1,27268,2760,47.7,4,52.3,4,266473,12282,39.5,1.8,27,1.3,24.8,1.5,6.3,0.9,2.4,0.5,60.5,1.8,59,2.1,62.1,2.4,8.7,1.1,7.7,1.2,9.8,1.5,134318,8433,131289,5070,39364,2479
5,Arkansas,2,White alone,2308047,6642,49.3,0.1,50.7,0.1,5.8,0.1,15.9,0.1,8.9,0.1,12.6,0.1,12.2,0.1,13.2,0.1,13.2,0.1,10.5,0.1,7.7,0.1,40.6,0.3,500752,3603,52,0.4,48,0.4,1807295,4134,48.6,0.1,51.4,0.1,496061,3413,50.3,0.3,49.7,0.3,892535,2764,49.5,0.1,50.5,0.1,418699,997,44.7,0.1,55.3,0.1,1602976,3594,13,0.4,34.5,0.6,29.5,0.6,14.9,0.5,8.1,0.4,87,0.4,86,0.6,87.9,0.5,23,0.5,22.2,0.7,23.8,0.6,513268,3336,916378,6539,46049,614
5,Arkansas,4,Black or African American alone,469555,5093,47.6,0.7,52.4,0.7,7.1,0.4,20.6,0.5,12.1,0.6,13.9,0.6,13.1,0.6,11.9,0.5,11.7,0.4,6,0.3,3.6,0.3,32.1,0.6,129761,3384,51.3,2,48.7,2,339794,3066,46.3,0.5,53.7,0.5,122080,3151,47.7,1.4,52.3,1.4,172602,3351,46.5,0.9,53.5,0.9,45112,1247,41.5,1.3,58.5,1.3,282880,3505,19.5,1.5,34.8,1.7,32.1,1.4,9.6,1.1,4,0.7,80.5,1.5,79.4,2.1,81.4,1.9,13.7,1.3,10.1,1.2,16.6,1.7,126484,3031,174070,4186,27256,1435
5,Arkansas,70,Some other race alone,65542,6352,51.6,2.5,48.4,2.5,10.3,1.9,27.7,2.8,12.6,2.3,15.3,2.6,15.5,2.6,10,1.9,4.3,1.1,3.6,1.4,0.8,0.6,24.7,1.8,24870,3339,49.5,4.8,50.5,4.8,40672,4099,52.9,3.1,47.1,3.1,18264,2604,56.7,5.7,43.3,5.7,19502,2657,50.9,4,49.1,4,2906,982,42.4,14.9,57.6,14.9,32419,3262,45.4,5,27.5,4.9,18.1,3.5,6.5,2.6,2.4,1.1,54.6,5,52.1,7.4,57.4,5.9,9,3,6.6,3.6,11.6,4.9,15922,2354,16162,1767,36436,1635
6,California,2,White alone,23824254,64923,49.9,0.1,50.1,0.1,5.9,0.1,15.8,0.1,9.5,0.1,14.2,0.1,12.6,0.1,13.6,0.1,12.9,0.1,8.8,0.1,6.7,0.1,38.6,0.1,5179037,28554,51.1,0.2,48.9,0.2,18645217,44296,49.6,0.1,50.4,0.1,5624656,23960,51.7,0.2,48.3,0.2,9313901,25578,50.2,0.1,49.8,0.1,3706660,10021,44.8,0.1,55.2,0.1,16391723,39243,15.4,0.2,20.9,0.2,30.7,0.2,20.3,0.2,12.7,0.1,84.6,0.2,84.1,0.2,85.1,0.2,33,0.2,33.6,0.2,32.4,0.2,5561527,21386,8525079,25925,67191,324
6,California,4,Black or African American alone,2277229,14769,49.5,0.2,50.5,0.2,5.8,0.2,16.1,0.2,11.4,0.2,15.4,0.2,12.6,0.1,14.4,0.1,12.5,0.1,7,0.1,4.9,0.1,35.9,0.3,497526,8676,50.4,0.7,49.6,0.7,1779703,9422,49.3,0.2,50.7,0.2,608995,6632,52.4,0.5,47.6,0.5,899276,5204,49.2,0.3,50.8,0.3,271432,2740,42.5,0.4,57.5,0.4,1520866,8228,11,0.5,24.1,0.7,40.6,0.8,15,0.5,9.3,0.5,89,0.5,87.6,0.7,90.3,0.5,24.3,0.7,23.3,0.7,25.3,0.9,578189,6713,824358,10302,45217,1096
6,California,6,"American Indian and Alaska Native alone (300, A01-Z99)",282777,13225,49.5,1.2,50.5,1.2,7,0.8,18.4,1.1,11.3,0.8,14.3,1,12.4,0.8,13.3,1,12.8,0.9,6.8,0.7,3.6,0.5,34.1,1,71960,5686,51.3,2.5,48.7,2.5,210817,9446,48.8,1.4,51.2,1.4,72525,4848,51.2,2.2,48.8,2.2,108911,5725,48.6,2.1,51.4,2.1,29381,1971,43.7,3.8,56.3,3.8,178755,8089,27.1,1.6,24.6,1.6,33.8,1.8,9.4,0.9,5,1,72.9,1.6,70.5,2.4,75.1,2.1,14.5,1.3,14.2,1.6,14.7,1.6,69056,4146,88771,4983,48478,3282
6,California,12,Asian alone (400-499),5548936,20371,47.3,0.1,52.7,0.1,4.9,0.1,13.5,0.1,8.9,0.1,16.1,0.1,15.4,0.1,14.4,0.1,12.6,0.1,8.2,0.1,6,0.1,39.4,0.2,1023415,10279,51.5,0.4,48.5,0.4,4525521,13457,46.4,0.1,53.6,0.1,1383980,9278,49.5,0.2,50.5,0.2,2353048,8018,45.8,0.1,54.2,0.1,788493,3629,42.6,0.2,57.4,0.2,4033232,11097,12.8,0.3,14.4,0.3,22.1,0.3,32.4,0.4,18.4,0.3,87.2,0.3,89.2,0.4,85.6,0.3,50.8,0.5,52,0.6,49.7,0.6,1508971,7490,1735010,11118,83385,1419
6,California,50,Native Hawaiian and Other Pacific Islander alone (500-599),157554,6508,48,1.4,52,1.4,8.3,1,15.3,1.4,13.4,1.5,18.2,1.6,13.2,1.3,12.7,1.3,10.5,1,5.4,0.7,2.9,0.6,32.1,0.8,37219,3079,44.2,3.8,55.8,3.8,120335,4863,49.2,1.3,50.8,1.3,49829,3309,51.2,2.9,48.8,2.9,57417,3030,48,2.3,52,2.3,13089,1180,46.5,4.7,53.5,4.7,99185,3968,12.3,1.8,29.5,2.8,41.3,3,13,2,3.9,1.2,87.7,1.8,88.2,2.3,87.3,2.1,16.9,2.3,17.5,3.1,16.2,2.7,44638,2777,42550,2345,62465,3989
6,California,70,Some other race alone,5300297,63956,51.1,0.2,48.9,0.2,8,0.2,21.3,0.3,12.6,0.2,16.9,0.3,15.4,0.2,12.8,0.2,7.6,0.2,3.4,0.1,2.1,0.1,29.6,0.2,1551766,26841,51.3,0.6,48.7,0.6,3748531,43802,51,0.3,49,0.3,1564076,22915,52.5,0.5,47.5,0.5,1895144,24363,50.9,0.4,49.1,0.4,289311,9223,43.4,1,56.6,1,3082022,38212,41.6,0.5,27.4,0.4,21.7,0.5,7.2,0.3,2.2,0.1,58.4,0.5,57.8,0.7,59,0.7,9.3,0.3,8.4,0.4,10.3,0.5,1485359,21156,1283912,14187,47717,829
8,Colorado,2,White alone,4607390,13594,50.2,0.1,49.8,0.1,5.7,0.1,16,0.1,9.3,0.1,14.9,0.1,13.3,0.1,13.3,0.1,13.3,0.1,8.6,0.1,5.5,0.1,37.9,0.2,1000682,6507,51.3,0.3,48.7,0.3,3606708,9212,49.9,0.1,50.1,0.1,1116610,5548,52.2,0.2,47.8,0.2,1837663,5153,50,0.1,50,0.1,652435,2312,45.6,0.2,54.4,0.2,3176001,7976,7.5,0.3,21.3,0.4,30.2,0.5,25.9,0.4,15.1,0.3,92.5,0.3,92,0.4,93.1,0.3,41,0.4,40.5,0.6,41.5,0.5,1093146,5553,1816941,9025,66004,627
8,Colorado,4,Black or African American alone,224809,6222,53.1,1,46.9,1,6.7,0.6,18.7,1,11.5,0.8,16.9,0.7,13.7,0.7,13.3,0.8,10.9,0.6,5.3,0.4,3.1,0.3,33,0.8,57293,3779,49.7,2.6,50.3,2.6,167516,3478,54.2,1,45.8,1,63687,2707,55.8,1.8,44.2,1.8,85092,2655,54.8,1.3,45.2,1.3,18737,1185,46.3,2.7,53.7,2.7,141755,3074,9.9,1.2,24.3,2,41.5,2.5,16.7,1.6,7.5,1.1,90.1,1.2,90.9,1.9,89.1,1.9,24.3,1.8,22.4,2.4,26.4,2.9,55233,2371,82726,3407,45793,3845
8,Colorado,12,Asian alone (400-499),162880,5083,45.8,1.1,54.2,1.1,6.1,0.7,16.2,1.5,10.2,0.9,17.9,0.9,17.9,0.8,12.3,0.8,10.2,0.7,5.8,0.6,3.2,0.7,34.7,0.8,36391,3133,47.7,3,52.3,3,126489,3210,45.2,1,54.8,1,45907,2322,48.4,2.3,51.6,2.3,65843,1910,44,1.4,56,1.4,14739,836,40.9,2.9,59.1,2.9,109813,2615,15.1,1.8,16.7,1.9,17.6,1.6,28,2.2,22.6,2.5,84.9,1.8,88.5,2.2,82.1,2.4,50.6,2.9,54.7,3.7,47.4,3.2,50357,2248,51686,2036,70487,4935
8,Colorado,70,Some other race alone,209890,13025,50.7,1.4,49.3,1.4,7.2,0.9,22.6,1.4,10.9,1.1,16.4,1,17.3,1.2,11.3,1.2,8,1,4.1,0.7,2.1,0.5,30.3,1.1,62555,6388,48.3,2.7,51.7,2.7,147335,8215,51.8,1.8,48.2,1.8,57396,4394,52.8,2.9,47.2,2.9,76887,4631,52.5,2.7,47.5,2.7,13052,1759,43,5.2,57,5.2,124401,7039,35,2.7,30.1,2.2,23.3,1.8,8.1,1.3,3.5,0.9,65,2.7,65.4,3.6,64.6,3.5,11.6,1.8,11.5,2.3,11.7,2.1,55961,4324,59895,3532,46028,3466
9,Connecticut,2,White alone,2747943,12766,48.6,0.1,51.4,0.1,4.5,0.1,14.6,0.1,9.1,0.1,11.1,0.1,11.3,0.1,15.6,0.1,15.4,0.1,10,0.1,8.3,0.1,44.5,0.1,524928,5600,50.8,0.4,49.2,0.4,2223015,8968,48.1,0.1,51.9,0.1,556699,5203,50.8,0.3,49.2,0.3,1164545,5173,48.9,0.2,51.1,0.2,501771,1578,43.3,0.1,56.7,0.1,1972537,7786,7.7,0.3,27.1,0.6,24.4,0.4,23,0.5,17.7,0.4,92.3,0.3,91.7,0.5,92.7,0.4,40.8,0.6,40.5,0.8,41,0.7,608788,4631,1082618,7425,77506,1317
9,Connecticut,4,Black or African American alone,380571,6628,47.8,0.6,52.2,0.6,6.3,0.4,18.6,0.6,12,0.4,14.6,0.5,13.3,0.5,14.5,0.4,10.7,0.3,6.2,0.2,3.9,0.2,33.7,0.7,94579,3563,52.2,1.6,47.8,1.6,285992,4510,46.3,0.6,53.7,0.6,101358,2861,49.4,1.2,50.6,1.2,146227,3024,46.1,0.7,53.9,0.7,38407,899,38.8,1.1,61.2,1.1,240257,3834,13.6,1.1,34.5,1.8,29.7,1.6,14,1.4,8.2,1.1,86.4,1.1,86.5,1.7,86.3,1.4,22.2,1.6,21.2,2.2,22.9,1.9,104502,2501,131266,3437,44418,2534
9,Connecticut,12,Asian alone (400-499),156249,2710,48.4,1,51.6,1,5.5,0.4,16.2,0.8,10.4,0.7,18.6,0.9,18,0.6,14.1,0.6,9.5,0.4,5.3,0.6,2.4,0.6,34.5,0.6,33885,1586,51.2,2.2,48.8,2.2,122364,1900,47.6,1,52.4,1,45267,1326,50,2,50,2,64935,1585,46.3,1.3,53.7,1.3,12162,548,46,2.1,54,2.1,106083,1737,9.7,1.8,13.3,2.2,14.6,1.8,31.2,2.3,31.2,2.9,90.3,1.8,90.8,2.2,89.9,2.1,62.4,3.2,66.2,4,59,3.8,48433,1535,49129,2313,90894,4848
9,Connecticut,70,Some other race alone,180107,12856,53.7,1.6,46.3,1.6,7.4,1.1,21,1.6,12.6,1.1,19.1,1.7,17,1.2,12,1.4,6.2,0.9,3.3,0.6,1.5,0.5,30.3,0.9,51186,5442,56,3.3,44,3.3,128921,8767,52.8,1.8,47.2,1.8,57007,5309,56.1,3.2,43.9,3.2,63391,5062,50.3,2.5,49.7,2.5,8523,1477,50,7.6,50,7.6,106291,7521,36.7,3.1,33,3.1,19.8,2.4,6.7,1.8,3.8,1,63.3,3.1,61.1,4.2,65.7,3.8,10.5,1.9,10.5,2.4,10.4,2.9,49769,4436,53610,4053,38642,4464
10,Delaware,2,White alone,654904,4740,48.7,0.2,51.3,0.2,5.1,0.1,13.9,0.2,8.3,0.2,12.8,0.2,11.1,0.2,13.8,0.1,14.8,0.1,11.9,0.1,8.3,0.1,44.1,0.3,124408,2401,51.1,0.6,48.9,0.6,530496,3044,48.2,0.2,51.8,0.2,138050,1937,50.3,0.5,49.7,0.5,260200,1674,48.6,0.2,51.4,0.2,132246,529,45.1,0.2,54.9,0.2,475992,2685,10.3,0.8,30.4,1.1,27.8,1,18.6,0.9,12.8,0.7,89.7,0.8,88.1,1.3,91.2,0.8,31.4,1,31.1,1.4,31.7,1.4,141541,1830,259964,3709,63708,2234
10,Delaware,4,Black or African American alone,203863,3106,47,0.6,53,0.6,6,0.6,18.9,0.8,11.9,0.6,13.5,0.6,12.7,0.5,14.4,0.3,11.7,0.2,7,0.2,4,0.2,34.8,0.5,50799,2266,51.1,1.8,48.9,1.8,153064,1699,45.7,0.5,54.3,0.5,51720,1377,47.9,1.2,52.1,1.2,78988,1347,45.5,0.7,54.5,0.7,22356,237,41.1,0.6,58.9,0.6,128898,1620,12.5,1.5,32.3,2.6,32.3,2.2,13.8,1.6,9.2,1.5,87.5,1.5,86.3,2.5,88.6,1.9,22.9,2.1,21.3,2.9,24.3,2.7,54800,1493,68739,2499,47189,4610
11,District of Columbia,2,White alone,269143,3524,49.7,0.3,50.3,0.3,5.3,0.3,6.3,0.3,13.2,0.3,30.3,0.4,16.6,0.4,10.3,0.3,8,0.2,6.2,0.2,3.9,0.1,33,0.2,31211,1547,50.4,1.8,49.6,1.8,237932,2572,49.6,0.4,50.4,0.4,116897,1611,47,0.7,53,0.7,93806,1803,54.4,0.6,45.6,0.6,27229,552,44.4,0.7,55.6,0.7,202478,2346,1.5,0.6,2.4,0.5,6.3,0.9,35.4,1.5,54.3,1.7,98.5,0.6,98.2,0.9,98.7,0.5,89.7,1.2,88.5,1.7,90.9,1.5,91982,1580,126012,2881,120405,3758
11,District of Columbia,4,Black or African American alone,318831,2822,45.4,0.3,54.6,0.3,6.8,0.2,14.6,0.2,11.2,0.2,15.1,0.3,11.7,0.2,13.1,0.2,13.3,0.3,7.8,0.1,6.4,0.1,36.8,0.4,68240,1086,49.5,0.7,50.5,0.7,250591,2535,44.3,0.4,55.7,0.4,83736,1437,46.3,0.8,53.7,0.8,121655,1721,45.5,0.6,54.5,0.6,45200,335,37.7,0.3,62.3,0.3,214913,2105,15.4,1.3,33,1.7,25.3,1.6,13.5,1.4,12.7,1.1,84.6,1.3,82.9,2,85.9,1.6,26.2,1.7,27.9,2.3,24.9,2.3,83991,1400,124266,3156,41522,1738
12,Florida,2,White alone,15357374,27705,49,0.1,51,0.1,4.7,0.1,13.3,0.1,7.9,0.1,12,0.1,11.6,0.1,13.9,0.1,14,0.1,12.3,0.1,10.2,0.1,45.3,0.1,2769557,13018,51.1,0.2,48.9,0.2,12587817,19118,48.5,0.1,51.5,0.1,3059773,10722,51.1,0.2,48.9,0.2,6066380,12789,49,0.1,51,0.1,3461664,5966,45.3,0.1,54.7,0.1,11372215,16864,10.9,0.2,28.9,0.3,30.4,0.3,19.2,0.2,10.6,0.1,89.1,0.2,88.3,0.3,89.8,0.2,29.8,0.3,30.8,0.4,28.9,0.3,3247669,10869,5984824,21416,51597,246
12,Florida,4,Black or African American alone,3280778,15532,47.9,0.2,52.1,0.2,7.3,0.1,19.2,0.2,11.4,0.2,15.1,0.2,13.1,0.1,12.7,0.1,10.8,0.1,6.3,0.1,4.1,0.1,32.8,0.2,869739,10074,50.6,0.5,49.4,0.5,2411039,9187,46.9,0.2,53.1,0.2,871375,6582,48.9,0.4,51.1,0.4,1199894,7698,47.1,0.3,52.9,0.3,339770,3898,41.2,0.5,58.8,0.5,2036510,8803,18.4,0.5,33.2,0.7,30.2,0.7,11.7,0.5,6.4,0.3,81.6,0.5,80.1,0.7,82.8,0.6,18.1,0.6,15.1,0.8,20.7,0.9,876950,5923,1027201,11359,35936,595
12,Florida,12,Asian alone (400-499),544068,8941,45.5,0.7,54.5,0.7,5,0.3,14.7,0.5,9.7,0.5,15.2,0.6,16.9,0.6,14.1,0.5,12.1,0.5,7.8,0.4,4.5,0.4,38.3,0.6,107080,4276,48.9,2.3,51.1,2.3,436988,6503,44.7,0.6,55.3,0.6,135790,4802,49.3,1.4,50.7,1.4,234082,4219,43.1,0.9,56.9,0.9,67116,2598,41,1.7,59,1.7,384019,5761,12.7,0.9,19.6,1.6,19.1,1.2,27,1.1,21.7,1.2,87.3,0.9,88.7,1.2,86.3,1.3,48.6,1.6,52.2,2,45.8,2,157713,3788,161823,5090,62794,2822
12,Florida,70,Some other race alone,528266,22821,50.5,1.2,49.5,1.2,7.2,0.8,17.7,1,11.6,0.9,18.4,1.1,17.3,1.1,12.7,0.9,8.2,0.7,4.5,0.5,2.4,0.4,32.3,0.7,131512,9578,49.6,3,50.4,3,396754,16817,50.8,1.3,49.2,1.3,158393,9299,55.3,2.6,44.7,2.6,201814,10887,48.8,1.8,51.2,1.8,36547,4014,42.6,4.2,57.4,4.2,335474,14637,24.4,2,29.3,2.1,26.2,1.9,14,1.3,6,0.8,75.6,2,73.4,2.5,77.7,2.6,20.1,1.4,18.5,1.8,21.6,1.9,150617,8097,149344,7197,41544,1510
13,Georgia,2,White alone,6077438,15641,49.5,0.1,50.5,0.1,5.6,0.1,16.4,0.1,9,0.1,12.7,0.1,13.1,0.1,14.3,0.1,13.1,0.1,9.6,0.1,6.2,0.1,39.9,0.1,1335248,8560,51.4,0.3,48.6,0.3,4742190,9697,49,0.1,51,0.1,1318651,5797,51.2,0.2,48.8,0.2,2460273,8167,49.7,0.1,50.3,0.1,963266,1959,44.5,0.1,55.5,0.1,4193472,8611,12.3,0.4,27.6,0.5,27.6,0.4,20.5,0.4,12,0.3,87.7,0.4,86.8,0.4,88.5,0.4,32.5,0.4,32.9,0.5,32.1,0.5,1409166,5993,2293936,12124,58791,852
13,Georgia,4,Black or African American alone,3197929,14494,46.7,0.2,53.3,0.2,6.9,0.1,19.8,0.2,11.6,0.2,14.5,0.2,13.9,0.2,13.3,0.2,10.9,0.1,6,0.1,3.1,0.1,33,0.3,854148,8275,50.6,0.5,49.4,0.5,2343781,8313,45.2,0.1,54.8,0.1,835452,6281,47.8,0.3,52.2,0.3,1217741,7557,44.9,0.3,55.1,0.3,290588,2821,39.3,0.5,60.7,0.5,1973154,8819,15,0.5,30.9,0.7,31.3,0.7,14.2,0.6,8.6,0.4,85,0.5,82.7,0.7,86.7,0.5,22.8,0.7,18.8,0.9,26,0.8,898624,5623,1110445,9367,37855,1008
13,Georgia,12,Asian alone (400-499),388457,5862,47.9,0.7,52.1,0.7,5.8,0.5,17.3,0.5,10.2,0.5,16.9,0.6,18.6,0.7,13.9,0.6,9.6,0.4,5.4,0.4,2.4,0.3,34.9,0.6,89684,3501,49.2,1.8,50.8,1.8,298773,4048,47.6,0.6,52.4,0.6,104973,2957,49.7,1.4,50.3,1.4,163587,3016,46.7,0.8,53.3,0.8,30213,1303,45,1.9,55,1.9,259293,3441,13.2,1.2,18.6,1.7,16.2,1.2,27.6,1.9,24.4,1.6,86.8,1.2,89,1.5,84.8,1.6,52,2.1,56.3,2.8,48.3,2.5,117070,2503,116007,3119,72924,3504
13,Georgia,70,Some other race alone,284084,16303,54,1.5,46,1.5,10.3,1,25.6,1.5,12.4,1.2,16.7,1.3,17.3,1.2,11.3,1.2,4.2,0.7,1.5,0.4,0.8,0.3,25.9,1.3,101978,7821,53.4,2.9,46.6,2.9,182106,10741,54.3,1.7,45.7,1.7,82574,5645,56.8,2.4,43.2,2.4,92981,7089,52.6,2.9,47.4,2.9,6551,1569,47,8.2,53,8.2,146924,8595,42.7,3.3,28.5,2.7,16.8,1.9,7.6,1.4,4.3,1.1,57.3,3.3,55.1,4.1,59.9,3.8,11.9,1.7,11.8,2.2,12,2.4,75173,5681,71204,4288,37218,2757
15,Hawaii,2,White alone,372252,4443,55.1,0.4,44.9,0.4,5.5,0.5,9.8,0.4,10.1,0.5,18.3,0.4,12.7,0.3,11.6,0.3,14.5,0.2,11.3,0.2,6.1,0.1,39.8,0.8,57176,2914,50.4,2,49.6,2,315076,2733,56,0.3,44,0.3,105866,2119,60.8,0.8,39.2,0.8,144545,1681,54.6,0.5,45.4,0.5,64665,569,51,0.4,49,0.4,277373,2595,4.5,0.8,18.8,1.3,33.6,1.5,25.9,1.3,17.2,1.1,95.5,0.8,95.6,0.9,95.4,1.2,43.1,1.6,41.1,2,45.5,2.2,76115,1516,154247,3668,71548,1998
15,Hawaii,12,Asian alone (400-499),531268,10112,46.6,0.4,53.4,0.4,3.6,0.4,10.8,0.6,7.2,0.4,11.5,0.4,12.4,0.5,14.5,0.3,15.4,0.5,12.1,0.3,12.5,0.3,48.1,0.7,76589,4677,50.2,2,49.8,2,454679,7391,46,0.5,54,0.5,99542,3897,51.1,1.5,48.9,1.5,224640,4693,46.4,0.6,53.6,0.6,130497,1907,41.4,0.6,58.6,0.6,416451,6244,13.3,1.1,26.3,1.1,29.1,1.1,22.7,1.1,8.7,0.7,86.7,1.1,87.3,1.2,86.3,1.2,31.3,1.3,30.9,1.7,31.7,1.6,117731,3795,171085,4479,76164,2518
15,Hawaii,50,Native Hawaiian and Other Pacific Islander alone (500-599),134232,5671,51.2,1.1,48.8,1.1,7.9,0.7,19.9,1.2,10.2,0.8,15.7,1.2,13.4,1.2,12,0.8,10.6,0.7,6.9,0.6,3.4,0.4,32.4,1.4,37295,2690,51.6,2.2,48.4,2.2,96937,3854,51,1.2,49,1.2,34771,2360,51.9,2.6,48.1,2.6,48335,2194,52.2,1.9,47.8,1.9,13831,934,44.3,3.4,55.7,3.4,83203,3124,10.3,1.9,44.1,3.3,32.5,2.7,9,1.6,4.1,1.1,89.7,1.9,89.5,2.3,90,2.6,13.1,2,12.4,2.8,13.9,2.7,33069,1993,32244,1694,62331,4965
16,Idaho,2,White alone,1514404,5361,50,0.2,50,0.2,6.5,0.1,18.8,0.1,9.2,0.2,13,0.2,12.3,0.1,12.1,0.1,12.6,0.1,9.2,0.1,6.2,0.1,36.7,0.2,384268,2773,51.3,0.4,48.7,0.4,1130136,3784,49.6,0.1,50.4,0.1,335870,3218,51.2,0.5,48.8,0.5,560660,2617,49.6,0.2,50.4,0.2,233606,1038,47.1,0.2,52.9,0.2,991082,3424,9,0.5,27.6,0.8,37,0.9,18.2,0.7,8.3,0.5,91,0.5,90.4,0.7,91.6,0.6,26.4,0.8,27.7,1.1,25.1,0.9,340382,2952,561533,4344,48534,1143
17,Illinois,2,White alone,9238679,23235,49.4,0.1,50.6,0.1,5.5,0.1,15.7,0.1,8.9,0.1,13.3,0.1,12.6,0.1,14.1,0.1,13.8,0.1,9,0.1,7.1,0.1,40.2,0.2,1958276,10943,51.3,0.2,48.7,0.2,7280403,15853,48.9,0.1,51.1,0.1,2044299,8427,50.8,0.2,49.2,0.2,3743754,10155,49.9,0.1,50.1,0.1,1492350,3160,43.7,0.1,56.3,0.1,6462003,13953,9.1,0.2,27.2,0.3,29.1,0.3,21.4,0.2,13.2,0.2,90.9,0.2,90.4,0.3,91.4,0.2,34.6,0.3,34.6,0.4,34.6,0.4,2120724,8545,3639190,11458,64571,606
17,Illinois,4,Black or African American alone,1844624,9309,46.8,0.2,53.2,0.2,6.7,0.1,18.7,0.2,11.8,0.2,13.9,0.2,12.9,0.2,12.8,0.1,11.9,0.1,6.8,0.1,4.6,0.1,34.3,0.2,467788,5362,50.1,0.6,49.9,0.6,1376836,6100,45.7,0.2,54.3,0.2,474214,4615,49,0.4,51,0.4,692408,4175,45.5,0.3,54.5,0.3,210214,1576,38.8,0.3,61.2,0.3,1158317,5530,14,0.5,29.9,0.7,36,0.8,12.5,0.6,7.6,0.4,86,0.5,83.9,0.8,87.7,0.7,20.1,0.7,16.8,0.9,22.8,0.8,487832,4546,664315,7345,33950,1296
17,Illinois,12,Asian alone (400-499),674236,6487,48.1,0.4,51.9,0.4,5.5,0.3,14.7,0.5,10,0.3,18.1,0.4,16.9,0.3,12.9,0.3,10.8,0.2,7.2,0.2,3.8,0.2,35.8,0.3,136558,3851,51.6,1.1,48.4,1.1,537678,4173,47.3,0.4,52.7,0.4,189510,3739,48.1,0.8,51.9,0.8,273444,3207,47.3,0.5,52.7,0.5,74724,1393,45,1,55,1,470317,3800,9.2,0.9,11.6,1,16.4,1,36.1,1.2,26.7,1,90.8,0.9,93,1,88.9,1.1,62.8,1.3,65.2,1.6,60.6,1.7,195356,2499,220140,4762,80076,2936
17,Illinois,70,Some other race alone,773685,24560,51.6,0.7,48.4,0.7,8.2,0.5,22.9,0.7,12.1,0.6,16.5,0.7,16.3,0.6,12.1,0.5,7.3,0.4,3,0.3,1.7,0.2,29.1,0.5,240831,10802,50.3,1.2,49.7,1.2,532854,17082,52.2,0.8,47.8,0.8,220966,8815,51.9,1.4,48.1,1.4,275926,9866,53.1,1,46.9,1,35962,3308,46.6,2.9,53.4,2.9,439310,14229,41.5,1.8,30,1.5,18.9,1.1,7.4,0.9,2.2,0.4,58.5,1.8,57.7,2.1,59.4,1.9,9.6,0.9,8,1,11.5,1.3,215418,8388,196820,6907,46844,1558
18,Indiana,2,White alone,5559694,9753,49.2,0.1,50.8,0.1,5.9,0.1,16.5,0.1,9.6,0.1,12.4,0.1,12.3,0.1,13.7,0.1,13.7,0.1,9.1,0.1,6.8,0.1,39.5,0.1,1240861,5559,50.9,0.2,49.1,0.2,4318833,6061,48.8,0.1,51.2,0.1,1224370,4419,50.7,0.1,49.3,0.1,2207832,3809,49.7,0.1,50.3,0.1,886631,1664,43.9,0.1,56.1,0.1,3784180,5002,10.9,0.3,35,0.4,28.8,0.4,16.5,0.3,8.8,0.2,89.1,0.3,88.7,0.4,89.5,0.4,25.2,0.4,24.8,0.5,25.6,0.5,1277691,4299,2173545,10203,52659,600
18,Indiana,4,Black or African American alone,605660,8094,47.3,0.5,52.7,0.5,7.3,0.4,20.8,0.6,11.7,0.5,14.8,0.5,12.8,0.4,12.4,0.4,10.9,0.3,5.5,0.2,3.7,0.2,31.6,0.4,170191,5448,50,1.2,50,1.2,435469,5380,46.2,0.6,53.8,0.6,160609,4912,47.7,1.2,52.3,1.2,218659,2740,46.8,0.8,53.2,0.8,56201,1160,39.9,1.1,60.1,1.1,364442,4116,14.6,1,33.4,1.2,35.1,1.2,10.9,1,6,0.7,85.4,1,83.4,1.5,87.2,1.1,16.9,1,15.4,1.4,18.2,1.5,161108,4362,228116,4646,31639,945
18,Indiana,12,Asian alone (400-499),138664,4048,49.4,1.3,50.6,1.3,6.6,0.9,17.5,1.2,18,1.2,16.8,1.5,16.7,1.5,11.4,1.4,7,0.9,4.3,0.8,1.8,0.4,29.5,0.9,33447,2479,52.3,4.2,47.7,4.2,105217,3044,48.4,1.2,51.6,1.2,48180,2363,51.8,2.4,48.2,2.4,48625,2366,45.4,1.9,54.6,1.9,8412,1157,46.6,7.4,53.4,7.4,80312,2497,13.7,2.5,14.1,2.4,12.1,1.9,23.6,2.4,36.4,3.9,86.3,2.5,89,2.7,83.9,3,60.1,3.6,67.4,4.3,53.8,4.4,43155,2206,40179,2099,60765,2970
18,Indiana,70,Some other race alone,140617,10232,51.6,1.6,48.4,1.6,8.1,1.1,25.6,1.9,14.7,1.6,15,1.6,17.9,1.7,9.4,1.2,5.7,0.9,2.6,0.7,1,0.4,26.1,1.2,47433,5300,52,3.1,48,3.1,93184,6031,51.4,1.9,48.6,1.9,41824,3895,50.9,3.4,49.1,3.4,46353,3393,52.1,2.5,47.9,2.5,5007,978,47.7,7.9,52.3,7.9,72520,4786,39,3.5,32.2,3.3,19.2,2.5,6.9,1.6,2.7,0.9,61,3.5,58.7,4,63.5,4.7,9.6,1.7,9.1,2.7,10.1,2.3,39757,3509,37774,3231,38934,3575
19,Iowa,2,White alone,2826672,5945,49.4,0.1,50.6,0.1,5.9,0.1,16.2,0.1,9.8,0.1,12.2,0.1,11.6,0.1,13.1,0.1,14,0.1,9.2,0.1,8,0.1,40,0.2,623956,3046,51.2,0.2,48.8,0.2,2202716,4196,48.9,0.1,51.1,0.1,622032,2644,50.9,0.2,49.1,0.2,1092495,2777,49.9,0.1,50.1,0.1,488189,888,44.2,0.1,55.8,0.1,1926714,3828,7.3,0.3,32.4,0.4,33.2,0.4,18.7,0.4,8.5,0.3,92.7,0.3,92,0.4,93.4,0.4,27.2,0.5,26.2,0.6,28.1,0.6,624292,2515,1160812,6760,56094,670
19,Iowa,4,Black or African American alone,106610,4123,53.4,1.9,46.6,1.9,8.9,1.1,23.4,1.6,14.4,1.5,16.6,1.9,13,1.7,11.1,1.6,7.4,0.9,2.5,0.6,2.7,0.6,26.7,1.6,34497,2876,50.8,3.5,49.2,3.5,72113,2192,54.6,1.8,45.4,1.8,32981,2597,52.5,3.8,47.5,3.8,33623,1967,58.2,3,41.8,3,5509,768,45.1,6.3,54.9,6.3,56789,2244,16.5,2.9,35.2,4,34.1,3.5,10.2,2.3,4,1.2,83.5,2.9,84.2,3.3,82.7,4.3,14.2,2.6,12.8,2.8,15.8,4,26626,1688,36742,2359,28425,4637
19,Iowa,12,Asian alone (400-499),68505,3291,50.1,1.8,49.9,1.8,8,1.4,17.1,1.6,15.7,2.1,19.3,2.6,17.5,2.6,11.7,1.9,6.6,1.5,2.7,0.9,1.5,0.7,29.2,1.3,17188,1603,55,4.7,45,4.7,51317,2626,48.5,1.9,51.5,1.9,23961,2151,51.4,3.6,48.6,3.6,24515,2366,47.2,3.2,52.8,3.2,2841,803,34.7,10.1,65.3,10.1,40587,2336,16.2,3.9,22.6,3.9,16.2,2.9,19,3.6,26,4,83.8,3.9,85.8,4.4,82,4.5,44.9,5.1,52.4,6.4,38.6,5.4,21827,1479,21198,1665,51202,5586
20,Kansas,2,White alone,2465799,7726,49.6,0.1,50.4,0.1,6.3,0.1,17.1,0.1,9.8,0.1,12.9,0.1,11.8,0.1,12.7,0.1,13.4,0.1,8.8,0.1,7.3,0.1,38.2,0.2,576991,4143,50.9,0.4,49.1,0.4,1888808,4922,49.2,0.1,50.8,0.1,560761,3355,51.7,0.3,48.3,0.3,932790,3337,49.7,0.1,50.3,0.1,395257,1175,44.4,0.1,55.6,0.1,1647260,4654,8.3,0.3,26.6,0.5,32.3,0.5,21.3,0.5,11.5,0.4,91.7,0.3,91,0.4,92.3,0.4,32.8,0.5,32.4,0.8,33.3,0.6,550511,3020,973367,6467,56234,730
20,Kansas,4,Black or African American alone,172109,4919,51.5,1.3,48.5,1.3,6.9,0.9,20.3,1.4,13,1.1,14.9,1.1,12.5,0.9,11.9,0.8,11.1,0.6,5.7,0.5,3.7,0.3,31.5,1.3,46792,3324,51.1,2.9,48.9,2.9,125317,2911,51.6,1.2,48.4,1.2,48164,2325,54.3,2.5,45.7,2.5,61021,2144,52.5,1.8,47.5,1.8,16132,785,40.2,2.2,59.8,2.2,102880,2656,13.6,1.6,30.9,2.6,36.2,2.6,11.3,1.7,8,1.5,86.4,1.6,85.5,2.1,87.4,2.2,19.3,2.1,19.8,2.9,18.8,2.7,40527,1858,66814,2893,35350,3446
20,Kansas,12,Asian alone (400-499),84221,2647,48.6,1.4,51.4,1.4,6.8,0.7,17.6,2,15.3,1.7,17.4,1.4,16,1.2,12,1.4,7.3,0.6,4.8,1,2.9,0.9,31,1.3,20533,2138,48.1,3.2,51.9,3.2,63688,1661,48.8,1.3,51.2,1.3,27503,1454,52.7,2.8,47.3,2.8,29714,1178,47.4,1.7,52.6,1.7,6471,868,38.3,6,61.7,6,50816,1558,15.6,2.3,21.1,4.3,17.4,2.6,23.8,3.1,22,2.8,84.4,2.3,85.8,3.2,83,3.1,45.9,3.6,48.9,4.4,43.2,4.5,25065,1539,23143,1784,61296,9512
20,Kansas,70,Some other race alone,67275,6490,53,2.5,47,2.5,7.6,1.7,23.9,2.8,11.4,1.8,15.5,2.2,16.8,2.7,14.4,2.1,6.9,1.6,2.6,1,0.8,0.5,29.8,2.2,21167,3367,58.5,4.3,41.5,4.3,46108,4241,50.5,2.7,49.5,2.7,18146,2341,47.9,4.7,52.1,4.7,25683,2923,52.6,3.7,47.4,3.7,2279,674,48.5,13.8,51.5,13.8,38419,3642,44.3,4.8,24.1,3.4,23,3.5,5.6,2,2.9,1.8,55.7,4.8,51.3,6.1,60.2,5.7,8.6,2.7,8,3.5,9.2,4,18600,2029,18152,2005,43681,5021
21,Kentucky,2,White alone,3865712,5045,49,0.1,51,0.1,5.8,0.1,15.9,0.1,9.2,0.1,12.5,0.1,12.7,0.1,13.9,0.1,13.8,0.1,9.6,0.1,6.6,0.1,40.3,0.1,839915,3131,51,0.2,49,0.2,3025797,3196,48.4,0.1,51.6,0.1,837597,2759,50.3,0.2,49.7,0.2,1561652,2511,49.2,0.1,50.8,0.1,626548,1089,44.2,0.1,55.8,0.1,2669805,3292,14.5,0.4,33.9,0.5,28,0.4,13.8,0.3,9.8,0.3,85.5,0.4,84.2,0.5,86.6,0.5,23.5,0.4,22.4,0.6,24.6,0.5,894881,3547,1526541,8874,46810,514
21,Kentucky,4,Black or African American alone,355718,5355,50.7,0.8,49.3,0.8,6.5,0.6,18.3,0.7,12.5,0.6,14.4,0.7,12.3,0.5,13.1,0.6,12.8,0.5,6.3,0.4,3.9,0.3,33.9,0.8,88217,4097,53.7,2.2,46.3,2.2,267501,3422,49.7,0.8,50.3,0.8,95446,2793,52.7,1.5,47.3,1.5,135880,3214,50,1.2,50,1.2,36175,1895,40.4,2.3,59.6,2.3,223191,3691,15.9,1.8,34.5,1.8,33.4,2,10.3,1.1,6,0.8,84.1,1.8,82.8,2.7,85.4,1.8,16.3,1.5,14.1,1.7,18.4,2.1,86504,2229,138413,4056,30982,1522
22,Louisiana,2,White alone,2914693,7522,49.7,0.1,50.3,0.1,5.8,0.1,15.5,0.1,8.7,0.1,13.9,0.1,12.4,0.1,13.4,0.1,13.7,0.1,9.5,0.1,6.9,0.1,39.7,0.2,619695,4202,52.2,0.4,47.8,0.4,2294998,4973,49,0.1,51,0.1,660592,3730,50.5,0.3,49.5,0.3,1154134,3916,49.9,0.1,50.1,0.1,480272,1457,44.5,0.1,55.5,0.1,2040946,4812,12.2,0.4,33.9,0.6,27.2,0.5,17.7,0.5,9,0.3,87.8,0.4,86,0.6,89.6,0.4,26.8,0.6,25.7,0.7,27.7,0.8,666343,3623,1142367,7750,56093,955
22,Louisiana,4,Black or African American alone,1502375,7155,47.5,0.3,52.5,0.3,7.4,0.1,20,0.2,11.7,0.3,14.8,0.3,12.2,0.3,12,0.3,11.7,0.1,6.3,0.1,4,0.1,32.3,0.2,411292,5354,51.1,0.8,48.9,0.8,1091083,4349,46.1,0.2,53.9,0.2,398787,3867,47.9,0.5,52.1,0.5,538281,3849,46.3,0.4,53.7,0.4,154015,1928,40.6,0.6,59.4,0.6,914644,5528,21.1,0.7,36.1,1,27.7,0.8,9.7,0.5,5.3,0.3,78.9,0.7,75.2,1,81.9,0.9,15,0.5,11.4,0.9,18,0.8,396948,3180,526582,7212,27537,924
22,Louisiana,12,Asian alone (400-499),81039,1904,48.5,1.8,51.5,1.8,4.9,1.3,16.7,1.5,13.1,1.8,18.5,2.4,14.5,2.3,14.4,2.4,9.2,1.2,4.3,1.1,4.4,1.2,33,1.7,17502,1199,48.7,5.5,51.3,5.5,63537,1521,48.4,1.8,51.6,1.8,25605,1881,50.8,4.2,49.2,4.2,30879,1982,49.3,2.4,50.7,2.4,7053,1061,36.1,5.5,63.9,5.5,52945,1994,26,3.8,19.7,3,18.4,2.8,20.6,3.5,15.3,2.9,74,3.8,79,4.5,69.5,4.8,35.9,4.5,43.3,6.2,29.3,4.9,24674,1339,23316,1364,58847,8073
23,Maine,2,White alone,1258074,1424,48.9,0.1,51.1,0.1,4.6,0.1,13.9,0.1,8.2,0.1,11.3,0.1,11.5,0.1,14.9,0.1,16.1,0.1,11.4,0.1,8.1,0.1,45.4,0.1,232791,1109,51.8,0.3,48.2,0.3,1025283,1081,48.2,0.1,51.8,0.1,245344,1005,49.9,0.2,50.1,0.2,534722,930,48.8,0.1,51.2,0.1,245217,423,45.3,0.1,54.7,0.1,922223,1259,7.9,0.5,33,0.8,28.8,0.7,19.6,0.6,10.6,0.5,92.1,0.5,90.8,0.7,93.3,0.6,30.2,0.7,28.8,0.9,31.5,0.9,271764,1429,523764,4942,52056,944
24,Maryland,2,White alone,3395048,10270,49.2,0.1,50.8,0.1,5.3,0.1,14.6,0.1,8.5,0.1,13.2,0.1,11.8,0.1,14.8,0.1,14.6,0.1,9.8,0.1,7.5,0.1,42.3,0.2,674341,4852,51.3,0.3,48.7,0.3,2720707,7331,48.7,0.1,51.3,0.1,735477,4628,51,0.2,49,0.2,1398335,4257,49.3,0.1,50.7,0.1,586895,1730,44.1,0.1,55.9,0.1,2431681,6560,8.3,0.3,24.4,0.5,24.6,0.4,22.9,0.4,19.8,0.4,91.7,0.3,91.1,0.4,92.3,0.4,42.7,0.5,43,0.7,42.5,0.6,764753,4672,1323059,7060,84384,1396
24,Maryland,4,Black or African American alone,1770161,10035,46.5,0.2,53.5,0.2,6.2,0.2,17.5,0.2,10.3,0.2,14.4,0.2,13.4,0.1,14.8,0.1,12.3,0.1,7,0.1,4.1,0.1,36.1,0.3,419369,6377,50.8,0.6,49.2,0.6,1350792,5961,45.2,0.2,54.8,0.2,436122,4408,47.9,0.4,52.1,0.4,717255,3645,45.1,0.2,54.9,0.2,197415,1962,39.6,0.4,60.4,0.4,1169317,4961,10.2,0.4,30,0.8,31.8,0.8,16.7,0.6,11.3,0.5,89.8,0.4,88.7,0.6,90.8,0.5,28,0.7,25.2,1,30.3,1,477748,4555,628549,6969,60618,926
24,Maryland,12,Asian alone (400-499),385167,4604,48.1,0.4,51.9,0.4,5.2,0.4,16,0.5,8.8,0.3,16.4,0.4,16.3,0.4,14.8,0.4,11.2,0.3,7.3,0.3,4.1,0.2,37.3,0.4,81477,2648,53.6,1.4,46.4,1.4,303690,3051,46.6,0.4,53.4,0.4,97122,1784,48.7,0.9,51.3,0.9,162811,2622,45.7,0.6,54.3,0.6,43757,1101,45.1,0.9,54.9,0.9,269671,3066,9.2,1.2,12.1,1.3,15.1,1.3,30.6,1.4,33.1,1.8,90.8,1.2,93,1.2,89,1.4,63.7,2,66.9,2,61,2.5,110862,2094,119454,3243,96429,4443
24,Maryland,70,Some other race alone,250417,12016,53.2,1.1,46.8,1.1,10,0.8,21.1,1.2,11,0.8,17.3,1.1,19.3,1.2,11.7,0.8,6,0.7,2.7,0.5,0.9,0.3,29.9,1,77867,5769,49.6,2.3,50.4,2.3,172550,7720,54.8,1.2,45.2,1.2,70797,4580,57,2.1,43,2.1,92699,4385,54.1,1.9,45.9,1.9,9054,1596,44.7,6.3,55.3,6.3,145065,6683,48.9,3.1,25.8,2.4,13,1.8,8.5,1.7,3.8,1,51.1,3.1,48.1,4,54.7,3.9,12.3,2,11.7,3,13.1,2.3,65774,3971,58283,3669,60294,3697
25,Massachusetts,2,White alone,5373238,12798,48.4,0.1,51.6,0.1,4.8,0.1,13.9,0.1,9.6,0.1,13,0.1,11.7,0.1,15,0.1,14.5,0.1,9.7,0.1,7.7,0.1,42.6,0.1,1007851,6883,51.2,0.3,48.8,0.3,4365387,8660,47.8,0.1,52.2,0.1,1216559,5322,49.8,0.2,50.2,0.2,2212767,6437,48.7,0.1,51.3,0.1,936061,2219,43.1,0.1,56.9,0.1,3847911,7521,7.5,0.2,25.4,0.4,23.9,0.4,24.3,0.3,18.9,0.3,92.5,0.2,91.8,0.3,93.1,0.3,43.2,0.4,43,0.5,43.3,0.5,1264037,4814,2121295,10416,75416,785
25,Massachusetts,4,Black or African American alone,499357,8709,48.2,0.6,51.8,0.6,7,0.4,18.5,0.5,12.6,0.5,15.7,0.5,13.5,0.6,12.8,0.4,10.7,0.3,5.6,0.3,3.6,0.2,32.1,0.5,127502,4559,50.7,1.3,49.3,1.3,371855,5618,47.3,0.6,52.7,0.6,141623,4251,49.1,1.4,50.9,1.4,184491,3816,47.8,0.8,52.2,0.8,45741,1449,40,1.3,60,1.3,308859,4646,15.9,1.3,29.7,1.5,31.4,1.5,14.8,1.2,8.1,0.9,84.1,1.3,84.8,1.6,83.5,1.6,22.9,1.4,21.4,2,24.2,1.9,139248,4211,165581,4118,41732,1627
25,Massachusetts,12,Asian alone (400-499),430739,4536,47.7,0.4,52.3,0.4,5.8,0.3,14.5,0.5,12.4,0.4,19.8,0.4,17.2,0.4,13.1,0.3,9.1,0.2,4.9,0.2,3.2,0.2,33.6,0.3,87333,2798,50.7,1.5,49.3,1.5,343406,2957,47,0.3,53,0.3,138924,2159,46.9,0.7,53.1,0.7,169603,2133,47.4,0.6,52.6,0.6,34879,1093,44.9,1,55.1,1,289797,2764,15.1,1.1,14.7,1.2,12.3,1.3,25.2,1.5,32.7,1.7,84.9,1.1,87.6,1.3,82.5,1.3,57.9,1.8,61.1,2.5,55.2,1.9,139268,2242,137446,3545,81537,3443
25,Massachusetts,70,Some other race alone,280631,12650,50.7,1.5,49.3,1.5,7,0.9,20,1.1,13.7,1.2,17.4,1,16.1,1.1,12,1.1,8,0.8,4,0.5,1.9,0.4,30.1,1,75608,5491,50.3,3.2,49.7,3.2,205023,9094,50.9,1.4,49.1,1.4,87257,5324,56.1,2.4,43.9,2.4,101237,6218,48.5,1.9,51.5,1.9,16529,1724,38,4.4,62,4.4,166553,7807,35.9,2.4,30.1,2.2,20.8,1.8,9.3,1.6,3.9,0.9,64.1,2.4,63.4,3.3,64.8,2.8,13.2,1.9,14.4,2.7,12,2.2,79915,5357,86106,3979,35728,2396
26,Michigan,2,White alone,7801483,8387,49.4,0.1,50.6,0.1,5.2,0.1,15.3,0.1,9.3,0.1,11.9,0.1,11.6,0.1,14.4,0.1,14.9,0.1,10,0.1,7.5,0.1,42.3,0.1,1602287,4635,51.1,0.1,48.9,0.1,6199196,5577,48.9,0.1,51.1,0.1,1649616,3728,51,0.1,49,0.1,3187254,3250,49.7,0.1,50.3,0.1,1362326,1579,44.8,0.1,55.2,0.1,5476399,5063,8.6,0.2,29.9,0.3,32.9,0.3,17.9,0.2,10.7,0.2,91.4,0.2,90.8,0.3,92,0.2,28.6,0.3,28.7,0.4,28.6,0.3,1719663,4243,3136175,11065,54775,463
26,Michigan,4,Black or African American alone,1378111,9749,47.4,0.2,52.6,0.2,7,0.2,18.5,0.3,12.2,0.2,13.3,0.2,12.6,0.2,12.9,0.2,11.9,0.1,7,0.1,4.5,0.1,34.1,0.3,351709,6507,51.4,0.6,48.6,0.6,1026402,5821,46.1,0.2,53.9,0.2,352368,4544,48.8,0.5,51.2,0.5,515253,3065,46,0.3,54,0.3,158781,1461,40,0.4,60,0.4,857718,4237,15.2,0.8,30.9,0.7,36.9,0.9,10.4,0.5,6.6,0.5,84.8,0.8,82.9,1,86.5,0.9,17,0.7,14.1,0.8,19.5,1,365511,3892,513221,6436,31099,633
26,Michigan,12,Asian alone (400-499),293157,3884,48.6,0.6,51.4,0.6,5.4,0.3,18,0.6,12.6,0.5,17.4,0.8,16.2,0.6,13,0.5,9.2,0.4,5.5,0.3,2.7,0.3,33,0.5,68511,2247,50.4,1.7,49.6,1.7,224646,2907,48,0.6,52,0.6,87948,2586,49.8,1.2,50.2,1.2,112698,2588,47.3,0.8,52.7,0.8,24000,959,44.8,2,55.2,2,187833,2563,10,1.3,10.5,1,16.3,1.3,28.1,1.9,35,1.8,90,1.3,92,1.6,88.2,1.5,63.2,1.9,70.2,2.5,56.8,2.2,86927,2046,92699,2808,75933,6383
26,Michigan,70,Some other race alone,120463,7841,53.9,1.6,46.1,1.6,8,1.2,23.6,1.9,13.4,1.4,15.6,1.8,17.8,1.7,10.1,1.2,6.7,1.1,3.6,0.8,1.3,0.5,27.7,1.7,38042,4069,52.1,3.5,47.9,3.5,82421,5141,54.8,1.8,45.2,1.8,34943,3315,56.2,3.6,43.8,3.6,41606,3047,55.2,2.4,44.8,2.4,5872,1042,42.9,6.7,57.1,6.7,66303,4312,36.1,3.6,29.9,3.1,20.3,2.8,7.5,1.9,6.2,1.9,63.9,3.6,66.5,4.3,60.8,4.8,13.7,2.9,15.8,4.2,11.3,2.5,30805,2637,34363,2470,40198,3575
27,Minnesota,2,White alone,4614799,7190,49.6,0.1,50.4,0.1,5.7,0.1,15.4,0.1,8.6,0.1,12.9,0.1,12,0.1,14.2,0.1,14.6,0.1,9.2,0.1,7.4,0.1,41,0.1,975114,3365,51.3,0.2,48.7,0.2,3639685,4929,49.2,0.1,50.8,0.1,993310,3138,50.8,0.1,49.2,0.1,1882894,3202,50,0.1,50,0.1,763481,920,44.9,0.1,55.1,0.1,3241046,4587,5.3,0.2,25.9,0.3,33.2,0.3,23.8,0.4,11.8,0.2,94.7,0.2,94.1,0.2,95.3,0.2,35.7,0.4,34.5,0.5,36.8,0.5,1028987,3382,1897509,8512,66413,459
27,Minnesota,4,Black or African American alone,320267,5209,51.2,0.6,48.8,0.6,10.2,0.5,25,0.7,11.2,0.6,16.8,0.6,14,0.5,10.8,0.4,7.4,0.4,3.3,0.3,1.2,0.2,27.1,0.5,112923,3521,52.5,1.1,47.5,1.1,207344,3368,50.5,0.8,49.5,0.8,89825,2694,49.3,1.4,50.7,1.4,102937,2063,52.8,1,47.2,1,14582,868,41.1,2.4,58.9,2.4,171319,3073,19.3,1.7,26,2.1,35.7,2.1,11.9,1.5,7.2,1,80.7,1.7,82.8,2,78.6,2.3,19,1.9,20.7,2.4,17.4,2.4,83353,2394,106147,3147,30306,1830
27,Minnesota,12,Asian alone (400-499),258839,4929,48.7,0.8,51.3,0.8,7.4,0.5,21,0.7,12.2,0.7,21.1,0.7,15.3,0.6,10.7,0.6,6.4,0.4,3.9,0.4,2.1,0.3,29.5,0.4,73481,2838,50.3,1.8,49.7,1.8,185358,3670,48,0.7,52,0.7,86089,2473,48.9,1.2,51.1,1.2,83832,2412,47.8,1,52.2,1,15437,953,44.6,2.5,55.4,2.5,153777,2963,20.4,2,15.4,1.4,20.7,1.8,22.7,1.9,20.8,1.8,79.6,2,81.4,2.6,77.9,2.1,43.5,2.2,46.2,2.7,41.1,3,79799,2306,69725,2556,72344,3917
27,Minnesota,70,Some other race alone,83169,6087,54.3,2.1,45.7,2.1,9,1.6,23.3,2.1,14.2,2,18.3,2.3,17.2,1.6,10.4,1.7,5.6,1.3,1.1,0.6,1.1,0.8,27.1,1,26793,2840,50.3,4.6,49.7,4.6,56376,4341,56.2,2.4,43.8,2.4,26957,2952,55.7,4.4,44.3,4.4,27644,2460,57,3.9,43,3.9,1775,865,50.5,13.5,49.5,13.5,44600,3366,45.5,4.7,27,3.7,14.7,3,11.1,3.1,1.7,1,54.5,4.7,51.2,5.1,58.7,6.4,12.8,3.5,13.3,4.6,12.2,3.7,22447,2207,21835,1999,39242,2682
28,Mississippi,2,White alone,1758586,4423,49.3,0.2,50.7,0.2,5.5,0.1,15.9,0.1,9.2,0.2,11.9,0.2,12.5,0.2,13.2,0.1,13.6,0.1,10.5,0.1,7.7,0.1,41.2,0.3,376554,2673,51,0.7,49,0.7,1382032,2822,48.8,0.1,51.2,0.1,369844,2824,51,0.4,49,0.4,691572,2803,49.7,0.2,50.3,0.2,320616,1054,44.2,0.1,55.8,0.1,1221054,3716,12.7,0.5,30.4,0.7,32.6,0.8,15.2,0.5,9.2,0.4,87.3,0.5,85.5,0.8,89,0.7,24.3,0.6,23.4,0.8,25.2,0.9,388001,3097,680417,5862,50475,822
28,Mississippi,4,Black or African American alone,1128475,4848,46.7,0.3,53.3,0.3,7.2,0.2,20.7,0.2,12.3,0.3,13.1,0.4,13.3,0.4,11.8,0.3,11.4,0.2,6.4,0.2,3.6,0.2,32.4,0.3,315611,3200,50.5,1,49.5,1,812864,3354,45.3,0.2,54.7,0.2,286828,3790,47.3,0.7,52.7,0.7,412825,3975,45.4,0.6,54.6,0.6,113211,1532,39.9,0.7,60.1,0.7,674020,4071,22.6,1.1,32.9,1,30.2,1,8.9,0.7,5.4,0.5,77.4,1.1,73.9,1.5,80.3,1.2,14.3,0.8,10.4,1,17.5,1.1,305053,2961,395491,5567,26818,736
29,Missouri,2,White alone,5011327,7416,49.3,0.1,50.7,0.1,5.7,0.1,15.8,0.1,9.2,0.1,12.8,0.1,12,0.1,13.6,0.1,13.9,0.1,9.7,0.1,7.5,0.1,40.4,0.2,1074788,3771,51.5,0.2,48.5,0.2,3936539,4889,48.7,0.1,51.3,0.1,1101486,3468,50.5,0.1,49.5,0.1,1977282,3067,49.5,0.1,50.5,0.1,857771,1193,44.3,0.1,55.7,0.1,3475313,4665,10.2,0.3,31.3,0.4,29.8,0.4,18,0.4,10.7,0.2,89.8,0.3,88.9,0.4,90.7,0.4,28.7,0.4,27.7,0.5,29.7,0.5,1124715,3669,2002797,10023,52508,562
29,Missouri,4,Black or African American alone,709969,6726,46.9,0.4,53.1,0.4,7.3,0.3,19.3,0.4,12.1,0.4,14.3,0.4,12.4,0.4,12.9,0.4,11.6,0.2,6,0.2,4.1,0.1,32.7,0.4,188902,4566,49.7,1.2,50.3,1.2,521067,4087,45.9,0.3,54.1,0.3,187285,3660,48.6,0.9,51.4,0.9,261994,3452,46.3,0.6,53.7,0.6,71788,1206,37.7,0.9,62.3,0.9,435414,3913,14.7,0.9,32.7,1.2,35.5,1.2,10.3,0.9,6.8,0.6,85.3,0.9,84,1.3,86.4,1.1,17.1,1.1,14.8,1.5,19,1.3,191035,3424,269377,4472,33501,1903
29,Missouri,12,Asian alone (400-499),114889,3501,47.1,1.3,52.9,1.3,6.6,1,17,1.3,14.1,1.1,18.4,1.6,17.8,1.4,10.4,1.2,8.2,1.1,4.8,0.8,2.8,0.6,31.5,0.9,27045,1992,51.1,4,48.9,4,87844,2537,45.9,1.4,54.1,1.4,37353,2416,50,2.9,50,2.9,41793,1983,43.4,2.1,56.6,2.1,8698,1069,40.3,5.2,59.7,5.2,71625,2302,14.2,2.3,13,2.5,13.3,2.2,28.9,3.4,30.6,3.1,85.8,2.3,88.7,3.1,83.5,2.7,59.5,3.5,64.1,4.4,56,4.5,35834,1757,36357,1969,61891,5629
29,Missouri,70,Some other race alone,65614,5724,50,2.8,50,2.8,9.3,1.8,24.7,2.6,13.5,2.3,17.4,2.6,14.6,1.9,10.3,1.8,6.6,1.7,2.9,0.9,0.8,0.5,26.3,1.6,22271,2852,45.1,5.3,54.9,5.3,43343,3958,52.5,3.5,47.5,3.5,20273,2595,51.3,5.4,48.7,5.4,20603,2532,55.9,4.8,44.1,4.8,2467,646,35,12.4,65,12.4,34466,3309,42.7,4.1,27.5,4.1,16.3,3.7,10,2.8,3.6,1.4,57.3,4.1,57.5,5.2,57.1,6.2,13.6,3.2,12.6,4.6,14.7,4.3,18011,2065,18362,2052,32868,5002
30,Montana,2,White alone,918701,2213,50.4,0.1,49.6,0.1,5.4,0.1,14.9,0.1,9.4,0.1,12.3,0.1,11.5,0.1,12.6,0.1,15.3,0.1,10.9,0.1,7.6,0.1,41.6,0.3,186653,1081,51.3,0.6,48.7,0.6,732048,1666,50.1,0.1,49.9,0.1,198857,1377,51.9,0.4,48.1,0.4,363070,1259,50.2,0.2,49.8,0.2,170121,747,47.8,0.2,52.2,0.2,646117,1730,5.9,0.4,31.1,1.1,31.3,1,21.2,0.9,10.4,0.6,94.1,0.4,93.5,0.6,94.8,0.5,31.7,1,30.8,1.3,32.5,1,192753,1446,383531,3153,50620,993
30,Montana,6,"American Indian and Alaska Native alone (300, A01-Z99)",65106,2658,50.8,1.7,49.2,1.7,8.5,0.8,24.3,1.5,12.5,1.6,14.6,1.7,10.6,1.3,11.4,1.4,10.1,1.1,5,0.8,2.9,0.7,28.6,1.4,21403,1594,52.5,2.8,47.5,2.8,43703,1712,50,2.3,50,2.3,17671,1450,50.4,4.1,49.6,4.1,20903,1284,51.3,3.1,48.7,3.1,5129,623,43.1,6,56.9,6,35540,1592,15,3.2,37.6,3.6,36.2,3.6,7.6,1.7,3.5,1.3,85,3.2,86.1,3.8,83.9,3.7,11.1,2.2,12.7,3.2,9.6,2.4,15007,1176,17479,1433,27158,3661
31,Nebraska,2,White alone,1671988,6529,49.7,0.1,50.3,0.1,6.5,0.1,16.9,0.1,9.9,0.1,13,0.1,12.2,0.1,12.5,0.1,13.2,0.1,8.6,0.1,7.3,0.1,37.8,0.2,391129,3176,51.1,0.4,48.9,0.4,1280859,3826,49.2,0.1,50.8,0.1,381907,2789,51.1,0.3,48.9,0.3,633372,2746,50.1,0.2,49.9,0.2,265580,914,44.5,0.1,55.5,0.1,1116048,3783,8,0.4,26.9,0.6,34.4,0.6,20.4,0.5,10.3,0.4,92,0.4,91.4,0.5,92.6,0.5,30.7,0.7,29.7,0.8,31.8,0.8,375024,2511,676838,4291,57274,864
31,Nebraska,4,Black or African American alone,90535,2978,50.6,1.4,49.4,1.4,7.7,0.8,22.3,1.4,14.2,1.1,15.2,1.5,11.8,1,12.1,0.9,9.2,0.6,4.5,0.4,3,0.4,28.4,1.4,27207,1998,48.9,2.8,51.1,2.8,63328,1689,51.4,1.5,48.6,1.5,26593,1455,55,2.5,45,2.5,29953,1203,50.6,2.1,49.4,2.1,6782,530,40.8,4.3,59.2,4.3,50500,1528,12.4,2.1,29.8,3.4,35.6,3.6,15.9,3.1,6.3,1.8,87.6,2.1,87.4,2.9,87.9,2.7,22.2,2.7,20.6,4,23.7,4.4,22517,1109,33244,1684,32019,3266
32,Nevada,2,White alone,1952341,14544,50.6,0.2,49.4,0.2,5.5,0.1,15.4,0.2,7.8,0.1,13.7,0.2,12.9,0.2,13.9,0.1,13.5,0.1,10.7,0.1,6.6,0.1,40.8,0.3,409407,6783,50.8,0.6,49.2,0.6,1542934,9751,50.6,0.2,49.4,0.2,420578,5430,51.2,0.5,48.8,0.5,785151,6375,51.2,0.2,48.8,0.2,337205,2097,48.4,0.3,51.6,0.3,1390177,8177,12.7,0.6,27.5,0.6,35,0.6,15.9,0.5,9,0.4,87.3,0.6,87.1,0.8,87.6,0.6,24.9,0.6,25.6,0.8,24.2,0.7,436381,5103,760494,7519,56021,928
32,Nevada,4,Black or African American alone,246720,4756,49.7,0.7,50.3,0.7,6.7,0.7,18.5,0.9,10.7,0.7,16.1,0.6,13.8,0.5,13.3,0.6,10.6,0.4,6.4,0.2,4,0.2,33.4,0.9,61988,3561,51.3,2,48.7,2,184732,2722,49.1,0.7,50.9,0.7,66132,2045,48.8,1.6,51.2,1.6,92977,1651,50.3,0.8,49.7,0.8,25623,717,45.5,1.1,54.5,1.1,158431,2100,11.8,1.5,32.2,2.2,39.3,2.4,10.8,1.6,5.9,1,88.2,1.5,86.8,1.8,89.5,2,16.7,2,14.3,2.3,19.1,2.6,65638,2179,89144,2841,36981,2912
32,Nevada,12,Asian alone (400-499),231566,4314,44.7,0.7,55.3,0.7,3.5,0.4,12.8,0.6,7.7,0.4,15.9,0.6,15.5,0.5,15.2,0.5,13.7,0.4,10.3,0.4,5.5,0.2,41.8,0.9,37577,2200,51.7,2.5,48.3,2.5,193989,3013,43.4,0.7,56.6,0.7,54517,1696,47,1.6,53,1.6,102922,2174,42.7,0.9,57.3,0.9,36550,965,39.8,0.9,60.2,0.9,176194,3003,9.6,1.3,21.5,1.8,32.5,1.9,27.1,2,9.4,1.1,90.4,1.3,92.9,1.4,88.5,1.7,36.5,2.3,36.7,3.2,36.3,2.7,64910,1711,75445,3038,60906,1994
32,Nevada,70,Some other race alone,264719,12674,51.7,1.3,48.3,1.3,7.5,0.8,23.2,1.3,12.9,1,15.3,1.4,16.6,1,12.7,1,7.3,0.8,3,0.5,1.5,0.4,29,1,81160,5736,50.7,2.6,49.3,2.6,183559,8889,52.2,1.3,47.8,1.3,74744,4944,53,2.4,47,2.4,96964,5987,52.4,1.7,47.6,1.7,11851,2080,45.7,6.3,54.3,6.3,149405,7544,40.1,2.8,33.5,2.7,19.6,2.2,5.6,1.2,1.3,0.5,59.9,2.8,60.1,3.5,59.8,3.6,6.8,1.4,5.8,1.6,8.1,2.1,75322,4626,67451,3293,42649,2219
33,New Hampshire,2,White alone,1245262,1995,49.3,0.1,50.7,0.1,4.6,0.1,14.5,0.1,9.5,0.1,11.5,0.1,11.5,0.1,15.7,0.1,15.7,0.1,10.1,0.1,7,0.1,44,0.2,238118,1058,51.5,0.3,48.5,0.3,1007144,1531,48.8,0.1,51.2,0.1,260757,1237,50.7,0.2,49.3,0.2,533764,963,49.3,0.1,50.7,0.1,212623,447,45.5,0.1,54.5,0.1,889172,1276,6.7,0.4,28.9,0.8,29.1,0.7,21.8,0.7,13.5,0.6,93.3,0.4,92.3,0.6,94.3,0.5,35.3,0.8,35.2,1,35.3,1,279846,1696,494249,4806,70401,1221
34,New Jersey,2,White alone,6060267,21214,49,0.1,51,0.1,5.2,0.1,15.4,0.1,8.2,0.1,11.8,0.1,11.9,0.1,15.3,0.1,14.5,0.1,9.6,0.1,8.1,0.1,43.1,0.2,1249629,9052,51.4,0.2,48.6,0.2,4810638,15418,48.4,0.1,51.6,0.1,1209752,7745,51.3,0.2,48.7,0.2,2529966,9853,49.4,0.1,50.6,0.1,1070920,3261,43,0.1,57,0.1,4314800,13164,9.3,0.3,29.2,0.4,23,0.3,24,0.4,14.4,0.3,90.7,0.3,90.1,0.4,91.2,0.3,38.5,0.5,39,0.5,38,0.5,1329026,7834,2279658,10928,79010,1194
34,New Jersey,4,Black or African American alone,1198613,9845,47.4,0.3,52.6,0.3,6.3,0.2,17.2,0.3,10.9,0.2,14.2,0.3,13.8,0.2,14.6,0.2,11.7,0.2,6.7,0.1,4.5,0.1,36,0.3,281857,5619,51.4,0.8,48.6,0.8,916756,6542,46.2,0.2,53.8,0.2,300701,4488,50.2,0.6,49.8,0.6,481361,4343,45.9,0.3,54.1,0.3,134694,1337,38.3,0.5,61.7,0.5,785776,5270,12.2,0.5,35.9,1,30.1,0.9,14.6,0.7,7.2,0.5,87.8,0.5,87.4,0.8,88.1,0.8,21.8,0.7,19.4,1.2,23.8,0.9,319183,3940,418924,6269,47268,1443
34,New Jersey,12,Asian alone (400-499),849240,5820,48.6,0.3,51.4,0.3,5.8,0.2,16.4,0.3,8,0.2,15.9,0.2,18.3,0.2,14.3,0.2,11,0.2,6.7,0.2,3.6,0.1,36.9,0.3,188579,3425,50.6,1,49.4,1,660661,4511,48,0.2,52,0.2,202965,2459,49.3,0.5,50.7,0.5,369630,3159,47.9,0.3,52.1,0.3,88066,1448,45.2,0.7,54.8,0.7,592375,3691,7.8,0.6,12.1,0.9,12.5,0.8,37.4,1,30.1,1.1,92.2,0.6,94.1,0.7,90.4,0.7,67.6,1.1,70.2,1.6,65.2,1.3,238564,2313,254868,4024,108504,4000
34,New Jersey,70,Some other race alone,585855,21114,50.5,0.9,49.5,0.9,7.6,0.5,19.3,0.8,11.4,0.8,17.4,0.9,17,0.6,13.3,0.7,8.3,0.6,4.1,0.4,1.6,0.2,31.9,0.6,157725,8470,50,2,50,2,428130,15721,50.7,0.9,49.3,0.9,168558,8114,53,1.7,47,1.7,226019,9512,50.2,1.2,49.8,1.2,33553,3087,42.2,3.7,57.8,3.7,361513,13215,30.6,1.9,33,1.7,22.1,1.2,10.8,1.1,3.5,0.7,69.4,1.9,66.4,2.5,72.4,1.9,14.3,1.3,11.7,1.5,16.9,1.9,167430,7310,174026,6437,42691,1905
35,New Mexico,2,White alone,1530670,13867,49.5,0.2,50.5,0.2,6,0.2,16.1,0.3,9.2,0.2,12.6,0.3,11.6,0.2,12.2,0.2,14.2,0.2,10.7,0.2,7.3,0.1,40.2,0.3,339394,5838,51.4,0.8,48.6,0.8,1191276,9978,49,0.2,51,0.2,333156,5639,51.6,0.6,48.4,0.6,582379,5588,48.9,0.3,51.1,0.3,275741,2613,46,0.4,54,0.4,1050391,8360,13.3,0.6,26.2,0.8,31,0.8,16,0.5,13.6,0.6,86.7,0.6,85.8,0.8,87.6,0.8,29.6,0.7,28.2,1,30.9,0.9,327793,4800,593121,5893,48149,1164
35,New Mexico,6,"American Indian and Alaska Native alone (300, A01-Z99)",193512,4537,47.6,1,52.4,1,7.5,0.5,21.7,0.8,11.5,0.6,15.7,0.6,12.1,0.5,12,0.7,9.9,0.5,5.7,0.4,3.9,0.4,30.7,0.7,56616,2640,50.1,2.1,49.9,2.1,136896,2791,46.6,0.9,53.4,0.9,52642,1730,48.4,1.7,51.6,1.7,65850,1897,46.2,1.3,53.8,1.3,18404,1070,43,2.3,57,2.3,114569,2605,21.1,1.7,35.3,1.9,33.8,2.1,6.1,0.9,3.7,0.9,78.9,1.7,78.3,2.4,79.3,2,9.8,1.3,7.1,1.7,12.1,1.9,51018,1822,54423,2259,30036,1782
35,New Mexico,70,Some other race alone,211620,13501,50.5,1.5,49.5,1.5,6.1,1,19.4,1.4,12,1.3,14.3,1.4,13.9,1.3,13.9,1.2,9.6,1,6.5,0.9,4.4,0.6,33.5,1.6,53979,5413,51.5,4,48.5,4,157641,9884,50.2,1.6,49.8,1.6,55649,5428,54,3.7,46,3.7,79036,5385,50.4,2.3,49.6,2.3,22956,2508,40.5,3.9,59.5,3.9,132339,8375,28.9,2.5,27.8,2,31.6,2.2,7.2,1.5,4.5,1.3,71.1,2.5,70,3.1,72.3,3.4,11.7,2.1,10.4,2.7,13,2.6,55017,4710,69702,3990,35923,2321
36,New York,2,White alone,12621132,30579,49,0.1,51,0.1,5.2,0.1,14.1,0.1,9,0.1,13.6,0.1,12,0.1,14.3,0.1,14.2,0.1,9.7,0.1,8,0.1,41.9,0.2,2429070,12908,51.3,0.2,48.7,0.2,10192062,22282,48.4,0.1,51.6,0.1,2852050,10595,50.2,0.2,49.8,0.2,5100375,12924,49.6,0.1,50.4,0.1,2239637,6093,43.4,0.1,56.6,0.1,9050590,20151,9.5,0.2,26.6,0.2,25.1,0.2,21.3,0.2,17.4,0.2,90.5,0.2,90.2,0.2,90.9,0.2,38.8,0.2,38.1,0.3,39.4,0.3,2905395,10791,4972668,17604,68215,618
36,New York,4,Black or African American alone,3081333,16953,46.5,0.2,53.5,0.2,6.7,0.1,16.9,0.2,11,0.1,14.8,0.2,12.7,0.1,13.9,0.1,11.9,0.1,7.2,0.1,5,0.1,35.4,0.2,727264,8469,50.7,0.5,49.3,0.5,2354069,12793,45.2,0.2,54.8,0.2,794937,8242,48.9,0.4,51.1,0.4,1185878,7562,45.2,0.2,54.8,0.2,373254,3541,37.6,0.4,62.4,0.4,2016296,10693,16.9,0.5,31.1,0.5,28.8,0.5,14.8,0.4,8.5,0.4,83.1,0.5,82,0.8,84,0.6,23.3,0.6,20.4,0.8,25.6,0.7,826135,6944,1064839,10595,42652,1253
36,New York,6,"American Indian and Alaska Native alone (300, A01-Z99)",69933,5571,49.5,2.6,50.5,2.6,5.3,1.5,15,2,14.2,2.3,13.7,2.8,13.8,2.3,15.4,2.1,12.7,1.8,6.6,1.3,3.3,0.9,37.5,4.2,14181,1883,48.9,7.5,51.1,7.5,55752,4488,49.7,3,50.3,3,19497,2976,50.2,6.4,49.8,6.4,29320,2925,52,4.5,48,4.5,6935,1106,38.7,7.3,61.3,7.3,45835,3847,28.5,3.9,26.6,3.1,25.3,3.7,11.9,2.8,7.7,2.5,71.5,3.9,70.6,5.5,72.4,5,19.6,3.5,19.1,5,20.1,4.3,18500,2303,25700,2597,38987,4114
36,New York,12,Asian alone (400-499),1672186,9568,47.7,0.2,52.3,0.2,5.6,0.1,13.5,0.2,10.3,0.2,18,0.2,15.6,0.2,13.9,0.2,11.8,0.1,7,0.1,4.4,0.1,36.4,0.2,319468,4867,51.1,0.6,48.9,0.6,1352718,6902,46.9,0.2,53.1,0.2,472088,4194,47.2,0.4,52.8,0.4,690991,4710,47.1,0.2,52.9,0.2,189639,1782,45.5,0.4,54.5,0.4,1181113,6142,21.8,0.7,17,0.7,14.5,0.6,27.8,0.8,18.9,0.6,78.2,0.7,79.2,0.9,77.2,0.8,46.7,0.8,47.1,1.1,46.3,1,493943,3956,512712,6530,66482,1794
36,New York,70,Some other race alone,1763351,31551,49.7,0.5,50.3,0.5,8.1,0.3,19.1,0.4,11.9,0.3,17.6,0.4,14.9,0.4,13.1,0.4,8.3,0.3,4.3,0.3,2.7,0.2,31,0.3,480186,12779,51.5,1,48.5,1,1283165,24006,49,0.5,51,0.5,519685,11493,52.9,0.8,47.1,0.8,640476,13836,48.1,0.7,51.9,0.7,123004,6237,38,1.7,62,1.7,1073742,21449,36.7,1.1,28.8,0.9,20.7,0.8,10.1,0.6,3.7,0.4,63.3,1.1,62.5,1.4,64.1,1.2,13.8,0.7,12.3,1,15.3,0.8,491870,10877,512398,9470,36363,872
37,North Carolina,2,White alone,6934715,14528,49.1,0.1,50.9,0.1,5.2,0.1,15.3,0.1,9.1,0.1,12.4,0.1,12.7,0.1,14.1,0.1,13.6,0.1,10.4,0.1,7.2,0.1,41.6,0.2,1423588,7860,51.3,0.3,48.7,0.3,5511127,9186,48.5,0.1,51.5,0.1,1489926,6904,51.1,0.2,48.9,0.2,2802361,7147,49,0.1,51,0.1,1218840,2250,44.2,0.1,55.8,0.1,4880855,8532,11.5,0.2,25.7,0.3,30.6,0.4,20.7,0.3,11.5,0.2,88.5,0.2,87.2,0.3,89.8,0.3,32.2,0.3,31.6,0.4,32.7,0.4,1586002,6390,2777790,11553,53273,653
37,North Carolina,4,Black or African American alone,2172492,10565,46.9,0.2,53.1,0.2,6.3,0.2,18.5,0.2,11.4,0.2,13.4,0.3,13.1,0.3,13.6,0.2,12.3,0.1,7.2,0.1,4.3,0.1,35.3,0.3,539193,7315,51.3,0.7,48.7,0.7,1633299,6196,45.4,0.2,54.6,0.2,538600,5800,48.3,0.5,51.7,0.5,844988,5351,45.4,0.3,54.6,0.3,249711,2592,39.3,0.5,60.7,0.5,1386316,6112,15.5,0.5,30.5,0.7,34.4,0.7,13.1,0.6,6.5,0.4,84.5,0.5,82.5,0.8,86,0.7,19.5,0.6,16,0.7,22.3,0.9,572924,4854,814786,8023,32884,857
37,North Carolina,6,"American Indian and Alaska Native alone (300, A01-Z99)",120513,4986,48.4,1.6,51.6,1.6,6.7,0.9,18.6,1.2,11,1.1,14.5,1.4,12.3,1.1,13.4,1.3,12.4,1.2,7.4,0.9,3.7,0.6,34.5,1.2,30606,2623,49.5,3.4,50.5,3.4,89907,3216,48,1.6,52,1.6,30668,2525,48.8,3,51.2,3,45875,2034,47.1,2.3,52.9,2.3,13364,1282,49.6,4.3,50.4,4.3,76698,2809,25.7,2.5,31.6,2.4,30.6,2.5,8.4,1.8,3.8,1,74.3,2.5,67.4,3.7,80.8,2.8,12.2,2.2,8.2,2.3,15.9,2.7,31493,1919,41508,2099,35521,3008
37,North Carolina,12,Asian alone (400-499),268322,5310,49,0.8,51,0.8,6.4,0.5,17.5,0.9,10,0.8,18.8,0.9,18.6,0.9,12.3,0.6,9.2,0.6,5.1,0.5,2,0.4,33.3,0.7,63969,3504,51.3,2.2,48.7,2.2,204353,3260,48.2,0.8,51.8,0.8,77464,2733,50.6,1.7,49.4,1.7,107677,2520,46.9,1.2,53.1,1.2,19212,1593,46.5,3.1,53.5,3.1,177423,2989,14.6,1.5,15.9,1.9,14.5,1.5,28,1.8,27,1.9,85.4,1.5,87.2,1.8,83.9,1.8,55,2.2,58.3,2.7,52,2.6,81400,2086,80456,3222,75558,3393
37,North Carolina,70,Some other race alone,300313,15723,53.1,1.4,46.9,1.4,10.5,1,25.4,1.3,13.5,1.1,16.9,1.4,18.9,1.3,8.8,1.1,4.3,0.7,1.4,0.4,0.4,0.2,25.4,0.9,107833,7828,50.6,2.5,49.4,2.5,192480,10091,54.6,1.4,45.4,1.4,91193,6053,55,2.3,45,2.3,95977,6390,54.7,2.2,45.3,2.2,5310,1430,44.5,9.7,55.5,9.7,152081,8161,49.7,2.9,25.3,2.5,14.9,1.6,7.3,1.3,2.8,0.8,50.3,2.9,45.1,3.5,56.6,3.7,10.1,1.7,8.2,1.9,12.4,2.4,82226,5299,77387,4736,33446,1899
38,North Dakota,2,White alone,667900,2285,51,0.2,49,0.2,6.5,0.1,14.9,0.1,12.1,0.2,14.5,0.2,11.3,0.1,11.8,0.1,13.3,0.1,8.1,0.1,7.4,0.1,36.6,0.3,142837,1196,50.5,0.7,49.5,0.7,525063,1767,51.2,0.2,48.8,0.2,177863,1473,53.9,0.4,46.1,0.4,243751,1103,51.8,0.2,48.2,0.2,103449,418,45.1,0.1,54.9,0.1,444249,1719,6.8,0.5,27.8,1,35.6,1,22.2,1,7.7,0.6,93.2,0.5,92.6,0.7,93.8,0.6,29.8,1.1,27.4,1.3,32.4,1.4,149417,1280,284262,3307,62449,1832
39,Ohio,2,White alone,9519055,8894,49.1,0.1,50.9,0.1,5.4,0.1,15.6,0.1,8.8,0.1,12.4,0.1,12,0.1,14,0.1,14.5,0.1,9.7,0.1,7.5,0.1,41.6,0.2,1998336,4595,51.3,0.1,48.7,0.1,7520719,5576,48.5,0.1,51.5,0.1,2024506,3725,50.6,0.1,49.4,0.1,3853933,4142,49.4,0.1,50.6,0.1,1642280,1506,43.8,0.1,56.2,0.1,6679607,5324,9.4,0.2,34.5,0.3,28.6,0.3,17.6,0.2,9.9,0.2,90.6,0.2,90.2,0.3,91,0.2,27.6,0.3,27.5,0.4,27.6,0.4,2132563,5169,3846846,12301,55162,335
39,Ohio,4,Black or African American alone,1426291,11547,47.3,0.3,52.7,0.3,7,0.2,19.7,0.4,11.4,0.3,13.8,0.3,12.4,0.2,12.6,0.2,11.9,0.2,6.6,0.1,4.7,0.1,33.6,0.4,380796,7532,50.5,0.7,49.5,0.7,1045495,6387,46.1,0.3,53.9,0.3,359412,5731,48.2,0.7,51.8,0.7,525035,3997,46.9,0.4,53.1,0.4,161048,1780,39.1,0.4,60.9,0.4,883121,4989,15.1,0.6,32.6,0.9,35.8,0.9,10.4,0.6,6.1,0.5,84.9,0.6,84.1,0.8,85.5,0.8,16.4,0.7,14.9,0.9,17.7,0.9,366689,4582,571667,6646,29608,750
39,Ohio,12,Asian alone (400-499),233468,4811,47,0.8,53,0.8,5.9,0.6,16.4,0.8,11.4,0.7,20,1,16.6,0.9,12.4,0.8,8.6,0.6,5.7,0.5,2.9,0.4,33,0.6,52094,2922,48.2,2.5,51.8,2.5,181374,3079,46.7,0.7,53.3,0.7,73313,2702,48.1,1.6,51.9,1.6,87858,2724,46.7,1.2,53.3,1.2,20203,1364,40.9,2.5,59.1,2.5,154759,3021,13.7,1.8,14.2,1.6,11.9,1.4,24.7,2,35.5,2,86.3,1.8,88.3,2.1,84.6,1.9,60.2,2.2,65.2,2.8,55.9,2.4,73008,2208,76634,2612,65057,3291
39,Ohio,70,Some other race alone,98382,7123,55.5,2.1,44.5,2.1,7.6,1.5,24.3,2.3,10.1,1.7,19.3,2.2,15.8,2.1,11.8,1.7,7.5,1.3,2.5,0.8,1,0.4,29.1,1,31448,3658,55.9,4.3,44.1,4.3,66934,4671,55.3,2.5,44.7,2.5,28955,2850,59,4.4,41,4.4,34499,3206,52.9,3.4,47.1,3.4,3480,862,48.2,11.9,51.8,11.9,57002,4216,28.3,4.6,34,4.3,24.7,3.3,7.3,1.7,5.7,1.8,71.7,4.6,74.6,5.2,68,5.5,13,2.6,10.9,2.6,15.7,3.9,25122,2733,32078,2530,38533,4717
40,Oklahoma,2,White alone,2838386,6875,49.4,0.1,50.6,0.1,5.9,0.1,15.6,0.1,9,0.1,13.4,0.1,12.1,0.1,13,0.1,13.6,0.1,9.8,0.1,7.5,0.1,40,0.2,610894,4094,51.2,0.3,48.8,0.3,2227492,4348,48.9,0.1,51.1,0.1,637470,2667,51.1,0.2,48.9,0.2,1099301,3098,49.6,0.1,50.4,0.1,490721,1204,44.5,0.1,55.5,0.1,1970881,3783,11.6,0.3,31.3,0.4,31,0.4,17.5,0.4,8.6,0.3,88.4,0.3,87.9,0.4,88.9,0.4,26.1,0.4,26.1,0.6,26.1,0.5,633274,2777,1132976,6655,51379,384
40,Oklahoma,4,Black or African American alone,286314,5378,50.9,0.8,49.1,0.8,6.7,0.5,18.7,0.9,13.1,0.7,15.5,0.7,12.9,0.7,12.1,0.5,11.5,0.4,6.2,0.4,3.3,0.3,32.5,0.6,72740,4078,53.8,2.5,46.2,2.5,213574,2368,49.9,0.7,50.1,0.7,81973,2310,52.7,1.8,47.3,1.8,104519,2500,49.1,1.1,50.9,1.1,27082,1104,44.8,1.9,55.2,1.9,175937,2255,11.9,1.4,34.6,1.9,35.3,2.1,11.2,1.2,7.1,0.9,88.1,1.4,87.1,1.7,89,1.7,18.3,1.6,16.1,1.7,20.4,2.2,73933,2169,108390,2654,31438,1551
40,Oklahoma,6,"American Indian and Alaska Native alone (300, A01-Z99)",286598,6783,48.5,0.7,51.5,0.7,7.7,0.5,22.5,0.6,13,0.6,13.1,0.7,12.3,0.6,11.5,0.5,10.3,0.4,6.7,0.4,3,0.3,30.2,0.7,86482,3218,49.9,1.5,50.1,1.5,200116,4605,47.9,0.7,52.1,0.7,74670,2756,49.1,1.5,50.9,1.5,97527,2955,48.6,1,51.4,1,27919,1287,42.3,2.4,57.7,2.4,162951,3967,14.8,1,36.3,1.4,32.5,1.5,12.2,1,4.2,0.6,85.2,1,83.6,1.6,86.7,1.3,16.4,1.1,14.2,1.4,18.4,1.5,72822,2594,91181,3022,39818,2179
40,Oklahoma,12,Asian alone (400-499),78528,2737,46.7,1.3,53.3,1.3,5.9,1,16.6,1.3,12.1,1.6,20.4,1.9,14.8,0.9,12.5,0.9,9.9,0.9,5.1,0.8,2.6,0.6,32.3,1,17678,1328,49.3,3.5,50.7,3.5,60850,1935,46,1.4,54,1.4,25515,1702,49.6,2.3,50.4,2.3,29265,1205,44.2,1.9,55.8,1.9,6070,675,39.2,5,60.8,5,51378,1974,16.7,2,22.8,3.4,19.7,2.7,22.9,3,17.9,3.2,83.3,2,85.9,2.6,81.1,2.8,40.8,4.1,41.8,5.6,40,4.5,24924,1189,23543,1496,56043,8536
40,Oklahoma,70,Some other race alone,108268,7114,54.4,1.5,45.6,1.5,8.2,1.1,25.9,2,13.1,1.5,16.9,1.5,14.6,1.6,11.2,1.5,5.8,1,3.2,0.7,1,0.4,26.6,1.2,36938,3817,53.9,3,46.1,3,71330,4511,54.6,1.5,45.4,1.5,32571,2447,56.5,2.9,43.5,2.9,34199,2949,52.9,2.4,47.1,2.4,4560,879,54.8,10.1,45.2,10.1,57107,3628,47.1,3.1,29,2.9,15.2,2.2,6.7,1.6,2.1,0.7,52.9,3.1,53.1,4.2,52.6,4.8,8.7,1.8,7.9,2,9.8,3,28698,2302,28778,1829,35730,2192
41,Oregon,2,White alone,3433909,9509,49.3,0.1,50.7,0.1,5.4,0.1,14.7,0.1,8.4,0.1,13.4,0.1,12.8,0.1,13,0.1,14.4,0.1,10.7,0.1,7.2,0.1,41,0.2,689574,4921,51.2,0.4,48.8,0.4,2744335,6393,48.9,0.1,51.1,0.1,747764,4740,50.4,0.3,49.6,0.3,1379117,4761,49.5,0.1,50.5,0.1,617454,1272,45.7,0.1,54.3,0.1,2455068,5446,8.7,0.3,23.7,0.5,35.2,0.6,20.5,0.4,11.9,0.3,91.3,0.3,90.7,0.4,91.8,0.4,32.4,0.5,32.2,0.7,32.6,0.6,774353,4664,1377612,7074,54729,920
41,Oregon,4,Black or African American alone,76980,3389,54.1,2,45.9,2,6.2,1.4,17.8,1.7,11.1,1.5,17.4,1.8,14.8,2,14.1,1.7,10.9,1,5.2,1,2.5,0.4,33.1,2.1,18512,2130,50.6,4.5,49.4,4.5,58468,2537,55.2,2.1,44.8,2.1,21898,1838,57.2,3.7,42.8,3.7,30685,2294,54.7,3,45.3,3,5885,844,50,6.1,50,6.1,49935,2367,12.3,2.5,21.1,3.6,37.9,3.6,18.6,3.2,10.1,2.2,87.7,2.5,92,2,82.5,4.5,28.7,3.5,31.6,4.4,25.2,5.2,20187,1929,26729,2085,31833,4876
41,Oregon,12,Asian alone (400-499),164291,4505,45.4,1,54.6,1,4.6,0.5,14.4,1,11.7,0.9,16.5,0.8,17.3,0.7,13.9,0.7,11.2,0.7,6.3,0.5,4.2,0.4,36.5,0.6,31181,2043,48.4,2.9,51.6,2.9,133110,3310,44.7,1,55.3,1,46187,2088,47.6,2,52.4,2,69681,1717,43.6,1.4,56.4,1.4,17242,988,41,2.3,59,2.3,113966,2789,13.7,1.9,15.9,2.2,21.3,2.1,27,1.9,22.1,1.8,86.3,1.9,89.1,1.9,84,2.4,49.1,2.2,52.3,3.1,46.6,2.6,50958,2364,52697,2300,71726,6165
41,Oregon,70,Some other race alone,106607,8516,54.1,2.1,45.9,2.1,5.8,1.4,23.5,2.3,15.1,1.9,16.8,2.1,17.7,2,11.9,1.5,6.4,1.4,2.4,0.7,0.5,0.4,28.2,1.1,31214,3967,49,4.8,51,4.8,75393,5956,56.2,2.2,43.8,2.2,34001,3737,55.3,4.3,44.7,4.3,38334,3683,57.8,2.4,42.2,2.4,3058,781,47.3,14.2,52.7,14.2,59256,4593,47.1,4.5,23.8,3.5,19.1,3,7.9,1.8,2.2,0.8,52.9,4.5,52.6,5.9,53.4,5.6,10,2.2,9.3,2.7,10.9,3.3,30088,2978,27091,2717,51653,3776
42,Pennsylvania,2,White alone,10386678,12857,49,0.1,51,0.1,5,0.1,14.3,0.1,8.8,0.1,12.3,0.1,11.5,0.1,14.3,0.1,15,0.1,10.3,0.1,8.6,0.1,43.5,0.2,2000450,6589,51.2,0.1,48.8,0.1,8386228,8971,48.4,0.1,51.6,0.1,2194536,5394,50.7,0.1,49.3,0.1,4231135,5427,49.5,0.1,50.5,0.1,1960557,2372,43.5,0.1,56.5,0.1,7473341,7034,8.9,0.2,36.3,0.3,24,0.3,18.9,0.2,11.8,0.2,91.1,0.2,90.6,0.2,91.5,0.2,30.7,0.3,30.8,0.3,30.6,0.3,2277242,5985,4190170,11356,59481,593
42,Pennsylvania,4,Black or African American alone,1408512,9508,48.4,0.2,51.6,0.2,6.8,0.2,18.7,0.3,12.2,0.2,14.5,0.3,12.4,0.3,13.2,0.2,11.2,0.2,6.4,0.1,4.6,0.1,33.3,0.4,359197,6351,52.3,0.7,47.7,0.7,1049315,6280,47,0.3,53,0.3,374898,5001,49.7,0.5,50.3,0.5,518806,4507,47.7,0.4,52.3,0.4,155611,1776,38.6,0.6,61.4,0.6,878088,5773,15.4,0.7,37.8,0.9,29.8,0.8,10.9,0.5,6.2,0.4,84.6,0.7,83.3,1.2,85.7,0.8,17.1,0.7,14.2,1,19.5,0.9,366914,4740,494426,7075,33487,959
42,Pennsylvania,12,Asian alone (400-499),420116,5025,46.9,0.5,53.1,0.5,5.7,0.3,16.8,0.6,11.9,0.4,18,0.5,16.1,0.4,13,0.4,9.2,0.4,6.2,0.4,3,0.3,33.6,0.4,94573,3253,46.2,1.7,53.8,1.7,325543,3091,47.2,0.4,52.8,0.4,125743,2437,48.4,0.9,51.6,0.9,160975,2170,46.5,0.6,53.5,0.6,38825,1482,45.8,1.4,54.2,1.4,275539,2892,16.8,1.3,15.7,1.4,13.8,0.9,26,1.2,27.6,1.5,83.2,1.3,85.4,1.4,81.3,1.7,53.6,1.5,57.4,2.2,50.4,1.5,127316,2120,127957,3211,63643,3210
42,Pennsylvania,70,Some other race alone,248488,13541,51.5,1.3,48.5,1.3,8.6,1,21.8,1.4,13,1,17.8,1.4,15.8,1.3,11.4,1.1,7,0.9,3,0.6,1.6,0.3,28.3,0.8,75639,6362,51,2.7,49,2.7,172849,9351,51.7,1.4,48.3,1.4,76551,4942,52.8,2.2,47.2,2.2,84841,6192,50.7,2.1,49.3,2.1,11457,1805,51.8,6.4,48.2,6.4,140600,7913,33.2,2.4,34.3,2.6,21.6,2.1,7,1.3,3.8,0.8,66.8,2.4,64.9,2.9,68.9,3.7,10.9,1.6,8.9,1.8,13,2.4,72945,4856,71102,4330,32147,2859
44,Rhode Island,2,White alone,848845,6308,48.3,0.2,51.7,0.2,4.5,0.1,13,0.2,10.2,0.2,12.7,0.2,11.3,0.2,14.9,0.1,14.9,0.1,10.1,0.1,8.3,0.1,43.6,0.4,148685,2924,51.6,0.7,48.4,0.7,700160,4132,47.6,0.2,52.4,0.2,194613,2586,50,0.5,50,0.5,349081,2324,48.4,0.3,51.6,0.3,156466,990,42.8,0.3,57.2,0.3,613485,3813,10.2,0.8,28.3,1,27.1,1,20.2,1,14.2,0.6,89.8,0.8,89.4,1,90.1,0.9,34.4,1.1,34.7,1.3,34.1,1.4,195182,2217,342612,3930,62305,1959
44,Rhode Island,4,Black or African American alone,65504,4156,50,2.1,50,2.1,6.9,1.1,18.6,2.3,13.2,1.3,17.8,1.9,11.8,1.1,11.5,1.2,10.9,1.1,6.7,1,2.5,1,30.9,1.3,16715,2178,52.5,5.3,47.5,5.3,48789,2687,49.1,2,50.9,2,20301,1857,49.2,4.8,50.8,4.8,22413,1365,49.8,2.7,50.2,2.7,6075,635,46.3,4.5,53.7,4.5,40153,2206,16.8,3.2,32,4.7,32.1,4.9,14.3,3,4.9,2.1,83.2,3.2,84.8,4.5,81.7,4.1,19.2,3.6,17.7,4.3,20.6,5.1,18496,1776,24612,1984,36719,4817
44,Rhode Island,70,Some other race alone,65257,6793,50,2.7,50,2.7,6.6,1.4,23.7,2.4,12.8,2,15.4,3.1,17.2,2.4,11.1,1.9,7.7,1.5,2.4,1.2,3,0.8,30.2,3.1,19740,3343,46.6,5.8,53.4,5.8,45517,4264,51.4,3,48.6,3,18444,2883,55.4,5.5,44.6,5.5,23510,2474,50.6,4.1,49.4,4.1,3563,935,36.7,10.1,63.3,10.1,37147,3589,40.5,5.1,23.9,4.2,28,5,5.4,2.1,2.2,1.3,59.5,5.1,58.6,7.6,60.5,5.7,7.6,2.5,6.4,3.4,8.9,3.6,17236,2139,19598,1993,36055,4792
45,South Carolina,2,White alone,3292094,7581,49.3,0.1,50.7,0.1,5.2,0.1,14.7,0.1,9.1,0.1,12.5,0.1,12.1,0.1,13.7,0.1,13.9,0.1,11.5,0.1,7.3,0.1,42.3,0.2,654783,3639,51.6,0.4,48.4,0.4,2637311,5527,48.7,0.1,51.3,0.1,710992,3660,51,0.2,49,0.2,1307725,4203,48.9,0.1,51.1,0.1,618594,1508,45.5,0.1,54.5,0.1,2336941,4897,11.1,0.4,27.4,0.5,30.3,0.6,20.3,0.4,10.8,0.4,88.9,0.4,87.7,0.5,90,0.5,31.1,0.5,31.9,0.7,30.3,0.6,733566,3796,1303559,8519,54998,840
45,South Carolina,4,Black or African American alone,1344114,7124,47.1,0.3,52.9,0.3,6.6,0.2,18.8,0.2,11.4,0.2,13.6,0.4,12.4,0.3,12.9,0.3,12.4,0.1,7.6,0.1,4.3,0.1,34.7,0.3,341318,4886,51.6,1.1,48.4,1.1,1002796,3843,45.5,0.2,54.5,0.2,335912,4292,49.3,0.6,50.7,0.6,506594,3784,44.7,0.3,55.3,0.3,160290,1408,40.5,0.4,59.5,0.4,849904,4119,19,0.7,36,0.9,30.2,1.1,9.2,0.6,5.6,0.4,81,0.7,79.1,1.1,82.5,0.8,14.8,0.7,11.3,0.9,17.6,1,345443,3697,488043,6485,31230,688
45,South Carolina,12,Asian alone (400-499),70342,2659,46.5,2,53.5,2,4.9,0.9,16.8,1.5,12.7,2.2,16.2,2.3,15.3,2.2,14,1.9,10.1,1.7,6.5,1.5,3.5,1.1,34.4,2.5,15274,1361,48.6,5.6,51.4,5.6,55068,1924,45.9,2.1,54.1,2.1,20364,2334,51,3.5,49,3.5,27698,1911,45.6,3.9,54.4,3.9,7006,1257,31.9,7,68.1,7,46103,1817,17.2,3.9,18.9,3.2,15.6,2.4,27.2,4.3,21.1,3.1,82.8,3.9,85.8,5.4,80.2,3.9,48.2,4.9,56.9,6.6,41,5.6,20377,1400,20479,1520,58443,9350
45,South Carolina,70,Some other race alone,68788,6965,56.7,2.7,43.3,2.7,8.8,1.7,23.9,2.6,10.8,2.2,16.4,3.2,18.8,2.4,13.1,2.4,5.5,1.5,2,0.9,0.6,0.6,29.3,1.6,22534,3282,52.5,5.2,47.5,5.2,46254,4844,58.8,3.2,41.2,3.2,18713,2795,58.6,5.1,41.4,5.1,25737,3327,57.9,4.9,42.1,4.9,1804,780,73.4,21.1,26.6,21.1,38833,4076,42.8,5,23.1,4.4,22.1,4.3,7.8,2.7,4.2,2,57.2,5,50.6,5.9,66.2,6.7,12,3.1,8.5,3.6,16.9,6.1,17625,2344,19092,2441,33204,5858
46,South Dakota,2,White alone,725937,2619,50.2,0.1,49.8,0.1,6.2,0.1,15.7,0.2,9.5,0.1,12.5,0.2,11.3,0.1,12.7,0.1,14.6,0.1,9.4,0.1,8.1,0.1,40.2,0.3,159616,1681,51.6,0.4,48.4,0.4,566321,1697,49.8,0.1,50.2,0.1,159489,1371,51.7,0.4,48.3,0.4,279537,1245,50.6,0.2,49.4,0.2,127295,472,45.7,0.1,54.3,0.1,497711,1716,6.9,0.5,31.4,1,32.6,0.9,20.8,0.9,8.4,0.5,93.1,0.5,92.2,0.6,94,0.7,29.2,1,27.7,1.3,30.6,1.3,154373,1390,306014,2984,55910,1100
46,South Dakota,6,"American Indian and Alaska Native alone (300, A01-Z99)",71102,2895,50.3,2.1,49.7,2.1,9.8,1,27.1,1.8,11.3,1.2,14.9,1.3,9.7,1,11.4,1.3,7.6,0.9,4.3,1.1,3.9,1.4,26,0.9,26217,1987,53.5,2.4,46.5,2.4,44885,1819,48.4,2.6,51.6,2.6,18668,1296,48.9,3.6,51.1,3.6,20399,1240,49.4,2.7,50.6,2.7,5818,1149,43.5,11.7,56.5,11.7,36822,1778,20.5,3.4,36.7,4.3,33.7,3.9,7.6,1.7,1.5,0.8,79.5,3.4,80.5,4.2,78.6,5,9.1,1.9,7.3,3,10.7,2.6,17912,1045,16985,1218,28726,5155
47,Tennessee,2,White alone,5129336,8520,49,0.1,51,0.1,5.5,0.1,15.4,0.1,8.9,0.1,12.6,0.1,12.7,0.1,13.9,0.1,13.7,0.1,10.2,0.1,7,0.1,41.1,0.2,1073632,5130,51.3,0.3,48.7,0.3,4055704,5417,48.4,0.1,51.6,0.1,1105433,4240,50.1,0.2,49.9,0.2,2063440,4209,49.2,0.1,50.8,0.1,886831,1434,44.6,0.1,55.4,0.1,3597172,5656,13.1,0.3,33.4,0.4,26.7,0.3,16.8,0.3,9.9,0.2,86.9,0.3,85.8,0.4,87.9,0.4,26.8,0.4,26.7,0.5,26.8,0.5,1178263,4266,2024229,9328,50489,455
47,Tennessee,4,Black or African American alone,1110412,8543,47.4,0.3,52.6,0.3,7,0.2,18.9,0.4,12.1,0.3,14.8,0.3,12.9,0.3,13,0.2,11.7,0.2,6.1,0.2,3.5,0.1,33,0.4,287411,5942,50.9,0.9,49.1,0.9,823001,5391,46.2,0.3,53.8,0.3,298948,5011,48.4,0.6,51.6,0.6,417807,3600,46.1,0.5,53.9,0.5,106246,1864,40,0.9,60,0.9,688804,4811,16,0.9,34.4,1,31.3,1,11.5,0.6,6.8,0.5,84,0.9,82.4,1.3,85.4,1,18.4,0.7,15.3,1.1,21,1,302970,3497,408336,6073,34462,1346
47,Tennessee,12,Asian alone (400-499),107075,3696,45,1.7,55,1.7,5,1,18.5,1.5,10,1.6,16.1,1.6,17.2,1.6,14.1,1.7,10.1,1.1,5.2,0.9,3.7,0.8,35.2,1.6,25184,2094,48.5,4.7,51.5,4.7,81891,2995,43.9,1.6,56.1,1.6,27967,2579,48.6,3.8,51.4,3.8,44416,2293,42.8,2.3,57.2,2.3,9508,1251,35.7,5.6,64.3,5.6,71185,2735,14,2.2,20.1,2.9,16.7,2.8,24.3,2.7,24.9,3,86,2.2,85.8,3,86.2,2.6,49.2,3.5,52.7,4.7,46.6,4.1,32634,2257,31141,2086,65072,4563
47,Tennessee,70,Some other race alone,90293,7353,52,2,48,2,12.4,1.8,26.4,2.9,8.2,1.7,22.3,2.8,16.5,2.4,8.9,1.9,4,1.4,0.8,0.3,0.5,0.3,26.3,1.3,35015,4495,48.7,3.8,51.3,3.8,55278,4715,54.1,2.8,45.9,2.8,27539,3430,52.8,5.1,47.2,5.1,26557,3254,56,4.1,44,4.1,1182,396,40.3,15.6,59.7,15.6,47887,4352,45.1,5.4,26.6,4.7,13.4,2.9,11.7,3.1,3.2,1.8,54.9,5.4,54.9,6.5,54.9,7.5,14.9,3.7,14.5,4.6,15.3,5.6,23338,2428,22686,2132,35952,2354
48,Texas,2,White alone,20587917,39722,49.7,0.1,50.3,0.1,7,0.1,18.5,0.1,9.8,0.1,14.1,0.1,13.2,0.1,12.8,0.1,11.6,0.1,7.7,0.1,5.4,0.1,35.4,0.1,5251489,19107,51.1,0.2,48.9,0.2,15336428,26513,49.2,0.1,50.8,0.1,4918018,17206,51.2,0.1,48.8,0.1,7728762,18635,49.6,0.1,50.4,0.1,2689648,6564,44.7,0.1,55.3,0.1,13318221,23608,17.3,0.2,25.2,0.2,28.8,0.2,19.3,0.2,9.4,0.1,82.7,0.2,82,0.3,83.4,0.3,28.7,0.2,28.7,0.3,28.7,0.2,4951746,13233,7202643,20005,58937,510
48,Texas,4,Black or African American alone,3298173,17739,48.3,0.2,51.7,0.2,7,0.2,19.4,0.3,11.4,0.2,15.3,0.2,14.3,0.2,13,0.2,10.9,0.1,5.5,0.1,3.2,0.1,32.9,0.2,870301,12068,50.6,0.5,49.4,0.5,2427872,11459,47.5,0.2,52.5,0.2,881856,9353,50,0.5,50,0.5,1259151,7434,47.3,0.3,52.7,0.3,286865,3207,40.4,0.5,59.6,0.5,2051007,9793,11.8,0.4,29.6,0.7,36.3,0.7,14.6,0.5,7.8,0.4,88.2,0.4,87.2,0.5,89.2,0.6,22.4,0.6,20.1,0.8,24.4,0.8,898171,7748,1191459,12677,40812,534
48,Texas,6,"American Indian and Alaska Native alone (300, A01-Z99)",132948,9458,49.5,2,50.5,2,7,1.9,19.8,2.2,12.8,1.8,13,1.7,13.7,1.8,14.6,1.8,11.1,1.4,5.6,1,2.4,0.5,33.3,1.6,35634,4919,55,4.8,45,4.8,97314,6436,47.5,2.3,52.5,2.3,34276,3636,47.6,4.6,52.4,4.6,52346,4462,48.5,3.5,51.5,3.5,10692,1449,42.5,6.4,57.5,6.4,80308,5558,22.6,2.7,28.9,3,28.2,2.5,14.7,1.9,5.6,1.2,77.4,2.7,74.8,3.7,79.8,3.4,20.3,2.1,17.7,2.6,22.6,3.2,36853,3586,42803,2960,50884,4099
48,Texas,12,Asian alone (400-499),1248823,9581,48.7,0.3,51.3,0.3,6,0.2,17.1,0.3,9.2,0.2,17.5,0.3,17.8,0.3,13.6,0.2,10,0.2,5.9,0.2,2.9,0.1,35.1,0.2,287916,5566,51.5,0.9,48.5,0.9,960907,5913,47.9,0.2,52.1,0.2,333406,3896,49.4,0.6,50.6,0.6,517012,4999,47.8,0.4,52.2,0.4,110489,2254,44,0.9,56,0.9,845450,5781,12.2,0.7,14.2,0.9,15.9,0.8,31.4,0.9,26.4,1,87.8,0.7,90.1,0.8,85.7,0.9,57.7,1.1,62.3,1.4,53.6,1.2,364309,3743,393743,4902,78121,3202
48,Texas,70,Some other race alone,1489855,35287,51.9,0.6,48.1,0.6,7.9,0.4,21.2,0.7,11.8,0.5,16.6,0.5,15.6,0.5,12.6,0.5,8.2,0.4,3.9,0.3,2.2,0.2,30.5,0.4,434551,16342,50.4,1.5,49.6,1.5,1055304,23890,52.5,0.6,47.5,0.6,422004,11998,54.6,1.1,45.4,1.1,542225,15186,52,0.9,48,0.9,91075,5308,45.8,2.1,54.2,2.1,880090,20615,41.2,1.1,29,0.9,20.2,0.8,6.8,0.6,2.8,0.4,58.8,1.1,58.4,1.4,59.3,1.2,9.6,0.8,8.5,0.8,10.9,1,396043,12440,421565,10565,41824,767
49,Utah,2,White alone,2611340,11303,50.2,0.1,49.8,0.1,8,0.1,21.6,0.1,11,0.1,14.5,0.1,13.4,0.1,10.4,0.1,10,0.1,6.5,0.1,4.6,0.1,31.6,0.2,772888,6005,51.4,0.3,48.6,0.3,1838452,6612,49.7,0.1,50.3,0.1,666494,3839,50.5,0.2,49.5,0.2,881238,4368,50.2,0.2,49.8,0.2,290720,1409,46.4,0.2,53.6,0.2,1550430,5502,6.8,0.4,23.7,0.6,36.6,0.7,21.9,0.5,11,0.4,93.2,0.4,92.8,0.5,93.7,0.4,32.9,0.6,35.7,0.9,30.1,0.8,642172,4142,838145,5438,65367,874
49,Utah,12,Asian alone (400-499),68945,2917,45.3,1.6,54.7,1.6,6.5,1,16,1.7,10.9,1.5,21.2,1.6,16.3,1.4,12.5,1.1,9,0.8,4.7,0.8,2.8,0.8,32.2,0.9,15498,1749,50.7,4.1,49.3,4.1,53447,1767,43.7,1.6,56.3,1.6,22170,1427,46.2,3,53.8,3,26095,1377,41.6,2.2,58.4,2.2,5182,651,43.2,5.4,56.8,5.4,45900,1596,13.2,3.5,18.9,2.8,19.8,2.7,26.6,3.7,21.5,3.3,86.8,3.5,87.6,4,86.2,3.8,48.1,4,52.3,5.2,44.8,4.9,23366,1410,20517,1394,62367,9220
49,Utah,70,Some other race alone,135580,9562,52,1.5,48,1.5,9.5,1.2,25.7,1.9,12.7,1.5,16.3,1.5,16.7,1.5,10.4,1.3,5.2,1.1,2.3,0.5,1.2,0.5,26.3,1.6,47706,5013,52,3.9,48,3.9,87874,5888,52,2,48,2,39217,3451,53.3,3.3,46.7,3.3,43885,3770,52.1,2.7,47.9,2.7,4772,969,40.9,9.8,59.1,9.8,70708,4763,38.2,4.6,35.2,4.4,18.4,2.8,6.4,1.8,1.8,1,61.8,4.6,61,5.9,62.6,5.1,8.2,2,8.9,3.2,7.4,2.6,36865,3339,32817,2551,43327,4459
50,Vermont,2,White alone,593056,1306,49.3,0.1,50.7,0.1,4.7,0.1,13.9,0.1,10.6,0.1,11.1,0.1,11.2,0.1,14.5,0.1,15.8,0.1,10.7,0.1,7.4,0.1,44,0.2,109940,661,51.4,0.3,48.6,0.3,483116,1205,48.8,0.1,51.2,0.1,128773,755,51.2,0.3,48.8,0.3,246594,783,49.1,0.1,50.9,0.1,107749,339,45.3,0.1,54.7,0.1,420262,1046,7.7,0.6,29.5,1,25.7,1,22.6,0.9,14.5,0.8,92.3,0.6,90.7,0.9,93.9,0.8,37.1,1.1,34.5,1.5,39.6,1.3,131460,1106,244434,3271,57945,1537
51,Virginia,2,White alone,5718051,14388,49.6,0.1,50.4,0.1,5.4,0.1,14.9,0.1,9.3,0.1,13.5,0.1,12.6,0.1,14.3,0.1,13.6,0.1,9.6,0.1,6.7,0.1,40.4,0.1,1161993,6447,51.3,0.3,48.7,0.3,4556058,9884,49.2,0.1,50.8,0.1,1305452,5057,51.5,0.2,48.5,0.2,2314872,7874,49.7,0.1,50.3,0.1,935734,1823,44.8,0.1,55.2,0.1,4025399,9267,9.3,0.2,24.4,0.4,27,0.3,22.5,0.3,16.8,0.3,90.7,0.2,89.8,0.3,91.6,0.3,39.3,0.4,39.7,0.5,39,0.5,1324756,5909,2243936,10258,71126,568
51,Virginia,4,Black or African American alone,1612831,11194,47.9,0.3,52.1,0.3,6.5,0.2,17.4,0.2,11.2,0.3,14.4,0.3,12.8,0.3,14.2,0.2,12.2,0.2,6.9,0.1,4.4,0.1,35.3,0.3,385537,6243,50.7,0.9,49.3,0.9,1227294,7203,47,0.2,53,0.2,412882,5686,49.6,0.6,50.4,0.6,632191,5838,47.1,0.4,52.9,0.4,182221,2709,41.1,0.6,58.9,0.6,1046000,6851,15.6,0.6,29.4,0.8,32.1,0.7,13.7,0.6,9.1,0.5,84.4,0.6,82.8,1,85.7,0.6,22.8,0.8,20.9,1.1,24.5,1.1,419378,5039,578721,7197,44480,1245
51,Virginia,12,Asian alone (400-499),524476,6496,47.1,0.5,52.9,0.5,5.2,0.3,16.3,0.5,9.6,0.4,16.2,0.5,18.2,0.5,14.2,0.3,10.8,0.4,6.4,0.3,3.2,0.2,36.3,0.5,112590,3822,50.2,1.4,49.8,1.4,411886,4908,46.3,0.6,53.7,0.6,135209,3568,49.1,1.4,50.9,1.4,226470,2996,45.2,0.7,54.8,0.7,50207,1618,43.5,1.4,56.5,1.4,361659,4445,10.2,1,15.1,1.2,16,1,32.7,1.2,26,1.2,89.8,1,92.6,1.2,87.5,1.2,58.7,1.5,63.2,2,55,1.6,156714,3089,160239,3472,92071,3919
51,Virginia,70,Some other race alone,203193,14178,54,1.6,46,1.6,9.4,1.1,21.1,1.2,11.9,1.2,17.7,1.6,19.5,1.5,11.4,1.3,6,0.9,2.3,0.5,0.6,0.3,29.4,1.1,61989,5645,54.5,3.4,45.5,3.4,141204,9993,53.8,2,46.2,2,60137,5007,56.1,3.1,43.9,3.1,74999,5965,52.6,2.5,47.4,2.5,6068,1256,45.4,8.5,54.6,8.5,117021,8672,36.2,3.6,24.6,3,23.7,2.2,11.4,1.7,4.2,1,63.8,3.6,61.1,4.4,67,4.4,15.6,2.1,13,2.8,18.6,3.2,55531,4688,49288,4047,54569,4518
53,Washington,2,White alone,5513655,12496,50.1,0.1,49.9,0.1,5.5,0.1,14.8,0.1,8.6,0.1,14,0.1,12.5,0.1,13.7,0.1,14.3,0.1,9.9,0.1,6.7,0.1,40.5,0.1,1119940,6213,51.5,0.2,48.5,0.2,4393715,8833,49.8,0.1,50.2,0.1,1245543,5825,51.8,0.2,48.2,0.2,2234838,5256,50.1,0.1,49.9,0.1,913334,2324,46,0.1,54,0.1,3917745,7169,7.5,0.2,23.3,0.4,34.7,0.4,22,0.3,12.5,0.3,92.5,0.2,91.9,0.3,93.2,0.3,34.5,0.4,34.9,0.6,34.1,0.5,1249053,5266,2232118,8998,65420,639
53,Washington,4,Black or African American alone,262552,7397,54.5,0.8,45.5,0.8,7.5,0.6,17.8,1.2,12,0.9,17,1,14.2,0.6,13.3,0.6,10.9,0.5,4.9,0.4,2.4,0.2,32.7,0.7,66242,4638,53.3,2.4,46.7,2.4,196310,5030,54.9,0.9,45.1,0.9,75979,3514,54,2,46,2,101060,2820,56.2,1.2,43.8,1.2,19271,1085,51,3.1,49,3.1,164860,4339,9.6,1.5,26.6,2.3,40.6,2.4,14.8,1.5,8.5,1.2,90.4,1.5,91.8,1.6,88.8,2.2,23.2,1.9,23.3,2.6,23.1,2.5,66724,2763,92960,3908,45866,3379
53,Washington,6,"American Indian and Alaska Native alone (300, A01-Z99)",92403,4540,50.8,1.8,49.2,1.8,6.8,0.9,19,1.5,13.4,1.7,15.1,1.7,12.3,1.4,12.5,1.3,11,1.5,6.4,1,3.6,0.8,31.8,1,23833,2062,52.9,4,47.1,4,68570,3235,50,2.1,50,2.1,26294,2132,48,3.3,52,3.3,33033,2307,52,3.3,48,3.3,9243,1122,48.8,5.8,51.2,5.8,56214,2862,17.7,2.4,30.3,2.6,40.4,2.8,8,1.6,3.6,1.1,82.3,2.4,81.1,3.7,83.5,2.8,11.6,2,8.9,2.6,14.4,3.2,24263,1881,30347,2021,39537,3670
53,Washington,12,Asian alone (400-499),568108,7057,46.2,0.5,53.8,0.5,5.1,0.4,13.3,0.6,9.3,0.4,18.7,0.5,16.9,0.4,14.1,0.3,11.2,0.3,6.9,0.2,4.5,0.2,37.1,0.5,104521,4848,49.3,1.6,50.7,1.6,463587,4752,45.6,0.5,54.4,0.5,159214,3532,49.4,1,50.6,1,239556,3300,44.4,0.6,55.6,0.6,64817,1288,40.2,0.8,59.8,0.8,410667,4343,11.8,0.8,15.9,1,21,1.2,30.5,1.3,20.9,1.1,88.2,0.8,91.3,1,85.7,1.2,51.4,1.5,54.5,2,48.8,1.8,168966,3157,192887,4790,85352,3218
53,Washington,70,Some other race alone,289942,11884,52.6,1.4,47.4,1.4,10.3,1,24.8,1.4,13.1,1.1,17.4,1.2,16,1,10.8,1,4.1,0.6,2.3,0.5,1.2,0.4,25.9,0.9,101604,6027,50.1,2.4,49.9,2.4,188338,8242,53.9,1.6,46.1,1.6,88243,5473,54.8,2.6,45.2,2.6,89849,5267,53.5,1.8,46.5,1.8,10246,1833,50.3,6.9,49.7,6.9,150438,6552,41.4,2.5,28.9,2.3,20,2,7.5,1,2.1,0.6,58.6,2.5,55.9,3,61.8,3.3,9.6,1.3,8.2,1.6,11.2,1.9,77924,4991,73335,3623,43539,4204
54,West Virginia,2,White alone,1722847,2814,49.1,0.1,50.9,0.1,5.5,0.1,14.6,0.1,8.6,0.1,11.6,0.1,12.5,0.1,13.5,0.1,14.8,0.1,11,0.1,7.8,0.1,43,0.2,346147,1460,50.8,0.5,49.2,0.5,1376700,2245,48.7,0.1,51.3,0.1,347643,1443,50.4,0.3,49.6,0.3,704657,2180,49.4,0.1,50.6,0.1,324400,715,45.1,0.1,54.9,0.1,1228451,2407,14.2,0.5,41.2,0.8,25.4,0.6,11.8,0.5,7.5,0.4,85.8,0.5,84.7,0.7,86.9,0.7,19.3,0.6,18.7,0.7,19.9,0.9,376682,2060,693782,4971,42337,878
54,West Virginia,4,Black or African American alone,71194,3663,53.9,2.4,46.1,2.4,5.8,1.5,16.9,2,13.2,2.3,14.4,2.7,13.8,2.4,12.2,2.1,12.9,2.1,6.7,1.3,4,1.1,34.8,2.1,16163,2211,50.1,5.5,49.9,5.5,55031,2657,55,2.5,45,2.5,19681,2296,57.6,5.8,42.4,5.8,27742,2516,58.1,4.2,41.9,4.2,7608,1242,37.2,6.6,62.8,6.6,45636,2561,10.8,3,40.6,4.5,36.2,4.7,7.1,2.2,5.3,1.8,89.2,3,86.6,4.2,92.1,2.8,12.4,2.8,11.2,3.7,13.8,3.9,15959,1829,26408,2373,31740,5495
55,Wisconsin,2,White alone,4965524,9672,49.7,0.1,50.3,0.1,5.2,0.1,15.2,0.1,9.3,0.1,12,0.1,11.9,0.1,14.4,0.1,14.8,0.1,9.6,0.1,7.6,0.1,42,0.1,1014922,5177,51.3,0.2,48.7,0.2,3950602,5341,49.3,0.1,50.7,0.1,1056782,3638,50.9,0.1,49.1,0.1,2039354,3508,50.3,0.1,49.7,0.1,854466,1184,45,0.1,55,0.1,3491244,4977,7.2,0.2,31.5,0.3,31.9,0.4,19.8,0.3,9.5,0.2,92.8,0.2,91.9,0.3,93.6,0.2,29.3,0.4,28.1,0.5,30.4,0.4,1096781,3844,2071134,7163,58232,589
55,Wisconsin,4,Black or African American alone,362290,4469,48.8,0.5,51.2,0.5,8.3,0.5,22.4,0.6,13,0.5,14.8,0.5,12.7,0.4,11.7,0.4,9.8,0.3,4.5,0.2,2.7,0.2,29,0.4,111373,3413,51.9,1.4,48.1,1.4,250917,2826,47.4,0.6,52.6,0.6,100856,2414,49.4,1.2,50.6,1.2,123982,1861,47,0.7,53,0.7,26079,1084,41.1,1.8,58.9,1.8,203699,2562,18.4,1.2,32,1.6,36,1.7,8.9,1,4.6,0.6,81.6,1.2,79.8,1.8,83.1,1.8,13.5,1,10.7,1.3,15.9,1.6,97855,2289,128160,3314,29223,1589
55,Wisconsin,12,Asian alone (400-499),156192,3592,47.9,1,52.1,1,7.4,0.6,20.6,1,14.6,0.9,20.8,1.2,15.4,1,10.1,1.1,5.7,0.6,3.5,0.6,1.9,0.4,28.2,0.6,43731,2350,49.2,2.7,50.8,2.7,112461,2140,47.4,0.9,52.6,0.9,55287,1961,48.9,1.5,51.1,1.5,48746,2086,48.2,2.1,51.8,2.1,8428,1027,33.4,5.5,66.6,5.5,89609,2207,15.9,1.9,19.1,2.1,20.9,2.2,22.7,2.2,21.5,1.9,84.1,1.9,87.4,2.1,81.2,2.5,44.1,2.5,45,3.7,43.4,2.9,49146,1632,44708,1802,60474,5163
55,Wisconsin,70,Some other race alone,102235,8210,53.1,1.7,46.9,1.7,10,1.1,24.2,2.1,10.4,1.5,18.2,2.1,18.7,1.7,10.4,1.4,5.2,1,1.9,0.6,0.9,0.4,28.1,1.5,35049,4041,52.6,3.9,47.4,3.9,67186,5149,53.4,2.2,46.6,2.2,29278,2796,54.9,3.6,45.1,3.6,35038,3266,52.7,3.3,47.3,3.3,2870,748,46.3,13.7,53.7,13.7,56526,4799,40.5,3.6,28.7,4,20.7,3.3,6.3,1.9,3.9,1.5,59.5,3.6,61,4.5,57.8,4.8,10.1,2.3,8.4,3,12.1,3.3,27559,2782,29170,2533,38348,4299
56,Wyoming,2,White alone,536320,3624,50.7,0.4,49.3,0.4,6.1,0.2,16.6,0.3,9.5,0.3,13.7,0.3,12.4,0.4,12.4,0.3,14.4,0.2,8.9,0.1,6,0.1,38,0.4,121702,2141,50.7,1.3,49.3,1.3,414618,2651,50.8,0.2,49.2,0.2,124266,2263,52.6,0.9,47.4,0.9,210183,2494,50.9,0.5,49.1,0.5,80169,710,47.5,0.4,52.5,0.4,363633,2461,7.3,1,28.9,1.4,36.8,1.6,17.6,1,9.3,0.8,92.7,1,92.7,1,92.7,1.4,26.9,1.3,26.6,1.5,27.2,1.9,119540,1923,216180,3523,60825,1386
